order_id,customer_id,order_status,order_date,required_date,shipped_date,store_id,staff_id,order_status_label
1,259,4,2016-01-01,2016-01-03,2016-01-03,1,2,Completed
2,1212,4,2016-01-01,2016-01-04,2016-01-03,2,6,Completed
3,523,4,2016-01-02,2016-01-05,2016-01-03,2,7,Completed
4,175,4,2016-01-03,2016-01-04,2016-01-05,1,3,Completed
5,1324,4,2016-01-03,2016-01-06,2016-01-06,2,6,Completed
6,94,4,2016-01-04,2016-01-07,2016-01-05,2,6,Completed
7,324,4,2016-01-04,2016-01-07,2016-01-05,2,6,Completed
8,1204,4,2016-01-04,2016-01-05,2016-01-05,2,7,Completed
9,60,4,2016-01-05,2016-01-08,2016-01-08,1,2,Completed
10,442,4,2016-01-05,2016-01-06,2016-01-06,2,6,Completed
11,1326,4,2016-01-05,2016-01-08,2016-01-07,2,7,Completed
12,91,4,2016-01-06,2016-01-08,2016-01-09,1,2,Completed
13,873,4,2016-01-08,2016-01-11,2016-01-11,2,6,Completed
14,258,4,2016-01-09,2016-01-11,2016-01-12,1,3,Completed
15,450,4,2016-01-09,2016-01-10,2016-01-12,2,7,Completed
16,552,4,2016-01-12,2016-01-15,2016-01-15,1,3,Completed
17,1175,4,2016-01-12,2016-01-14,2016-01-14,1,3,Completed
18,541,4,2016-01-14,2016-01-17,2016-01-15,1,3,Completed
19,696,4,2016-01-14,2016-01-17,2016-01-16,1,2,Completed
20,923,4,2016-01-14,2016-01-16,2016-01-17,1,2,Completed
21,1250,4,2016-01-15,2016-01-16,2016-01-18,2,6,Completed
22,1035,4,2016-01-16,2016-01-18,2016-01-17,1,2,Completed
23,1149,4,2016-01-16,2016-01-19,2016-01-19,1,2,Completed
24,636,4,2016-01-18,2016-01-20,2016-01-19,2,7,Completed
25,657,4,2016-01-18,2016-01-21,2016-01-21,2,6,Completed
26,1280,4,2016-01-18,2016-01-21,2016-01-19,2,7,Completed
27,57,4,2016-01-19,2016-01-21,2016-01-20,2,7,Completed
28,252,4,2016-01-19,2016-01-20,2016-01-21,2,6,Completed
29,437,4,2016-01-20,2016-01-22,2016-01-21,2,6,Completed
30,1348,4,2016-01-20,2016-01-21,2016-01-21,2,6,Completed
31,1238,4,2016-01-20,2016-01-22,2016-01-22,3,8,Completed
32,1259,4,2016-01-21,2016-01-24,2016-01-22,1,3,Completed
33,236,4,2016-01-21,2016-01-22,2016-01-22,2,6,Completed
34,80,4,2016-01-22,2016-01-25,2016-01-23,2,6,Completed
35,813,4,2016-01-22,2016-01-25,2016-01-24,2,7,Completed
36,1321,4,2016-01-23,2016-01-24,2016-01-24,2,6,Completed
37,164,4,2016-01-25,2016-01-28,2016-01-26,2,6,Completed
38,583,4,2016-01-25,2016-01-27,2016-01-26,2,7,Completed
39,1296,4,2016-01-25,2016-01-26,2016-01-26,2,7,Completed
40,348,4,2016-01-27,2016-01-28,2016-01-29,1,3,Completed
41,979,4,2016-01-27,2016-01-30,2016-01-29,2,6,Completed
42,1095,4,2016-01-27,2016-01-28,2016-01-30,2,7,Completed
43,1434,4,2016-01-27,2016-01-28,2016-01-30,2,7,Completed
44,861,4,2016-01-28,2016-01-31,2016-01-30,2,7,Completed
45,1220,4,2016-01-28,2016-01-31,2016-01-31,2,7,Completed
46,746,4,2016-01-29,2016-01-31,2016-01-31,2,7,Completed
47,1234,4,2016-01-29,2016-01-30,2016-01-31,2,7,Completed
48,1012,4,2016-01-30,2016-02-01,2016-02-02,2,7,Completed
49,608,4,2016-01-31,2016-02-01,2016-02-02,2,6,Completed
50,872,4,2016-01-31,2016-02-03,2016-02-02,3,8,Completed
51,1047,4,2016-02-01,2016-02-02,2016-02-03,2,7,Completed
52,767,4,2016-02-03,2016-02-04,2016-02-05,1,2,Completed
53,965,4,2016-02-03,2016-02-04,2016-02-05,2,6,Completed
54,535,4,2016-02-04,2016-02-07,2016-02-07,2,7,Completed
55,1173,4,2016-02-04,2016-02-07,2016-02-06,2,6,Completed
56,1241,4,2016-02-04,2016-02-06,2016-02-07,2,6,Completed
57,1305,4,2016-02-04,2016-02-06,2016-02-06,2,7,Completed
58,504,4,2016-02-05,2016-02-07,2016-02-07,2,6,Completed
59,563,4,2016-02-05,2016-02-07,2016-02-06,2,7,Completed
60,151,4,2016-02-06,2016-02-08,2016-02-07,1,3,Completed
61,277,4,2016-02-06,2016-02-09,2016-02-09,2,7,Completed
62,208,4,2016-02-07,2016-02-10,2016-02-10,1,2,Completed
63,1075,4,2016-02-07,2016-02-09,2016-02-09,2,7,Completed
64,1185,4,2016-02-07,2016-02-08,2016-02-09,2,6,Completed
65,996,4,2016-02-08,2016-02-09,2016-02-11,2,6,Completed
66,1253,4,2016-02-09,2016-02-12,2016-02-12,2,7,Completed
67,526,4,2016-02-09,2016-02-11,2016-02-10,3,8,Completed
68,381,4,2016-02-10,2016-02-11,2016-02-13,2,6,Completed
69,1413,4,2016-02-10,2016-02-12,2016-02-11,2,7,Completed
70,50,3,2016-02-11,2016-02-11,,3,9,Rejected
71,797,4,2016-02-11,2016-02-14,2016-02-12,2,7,Completed
72,1386,4,2016-02-12,2016-02-15,2016-02-13,1,2,Completed
73,612,4,2016-02-12,2016-02-15,2016-02-14,2,7,Completed
74,264,4,2016-02-13,2016-02-15,2016-02-15,2,7,Completed
75,587,4,2016-02-14,2016-02-15,2016-02-17,2,6,Completed
76,9,3,2016-02-16,2016-02-16,,2,6,Rejected
77,385,4,2016-02-16,2016-02-19,2016-02-19,1,2,Completed
78,1182,4,2016-02-16,2016-02-18,2016-02-19,2,7,Completed
79,529,4,2016-02-17,2016-02-20,2016-02-20,1,3,Completed
80,397,4,2016-02-17,2016-02-20,2016-02-19,2,6,Completed
81,521,4,2016-02-17,2016-02-19,2016-02-18,2,6,Completed
82,1223,4,2016-02-18,2016-02-21,2016-02-20,2,6,Completed
83,393,4,2016-02-19,2016-02-20,2016-02-20,1,3,Completed
84,317,4,2016-02-20,2016-02-22,2016-02-21,2,7,Completed
85,1174,4,2016-02-20,2016-02-23,2016-02-21,2,7,Completed
86,276,4,2016-02-21,2016-02-22,2016-02-23,2,7,Completed
87,516,4,2016-02-21,2016-02-22,2016-02-23,2,6,Completed
88,1069,4,2016-02-21,2016-02-22,2016-02-23,2,6,Completed
89,668,4,2016-02-21,2016-02-24,2016-02-24,3,8,Completed
90,414,4,2016-02-23,2016-02-25,2016-02-24,2,7,Completed
91,648,4,2016-02-25,2016-02-27,2016-02-28,1,2,Completed
92,1309,4,2016-02-25,2016-02-28,2016-02-28,2,7,Completed
93,1328,4,2016-02-26,2016-02-28,2016-02-27,1,3,Completed
94,929,4,2016-02-27,2016-02-28,2016-02-29,1,2,Completed
95,218,4,2016-02-27,2016-02-29,2016-02-28,2,7,Completed
96,1094,4,2016-02-27,2016-02-29,2016-02-28,2,7,Completed
97,204,4,2016-02-28,2016-02-29,2016-03-01,2,7,Completed
98,1194,4,2016-02-28,2016-02-29,2016-02-29,2,6,Completed
99,1165,4,2016-02-29,2016-03-01,2016-03-03,3,9,Completed
100,1237,4,2016-03-01,2016-03-04,2016-03-03,2,7,Completed
101,271,4,2016-03-01,2016-03-04,2016-03-04,3,8,Completed
102,336,4,2016-03-02,2016-03-05,2016-03-03,2,7,Completed
103,991,4,2016-03-03,2016-03-06,2016-03-05,1,2,Completed
104,7,4,2016-03-03,2016-03-05,2016-03-05,2,7,Completed
105,306,4,2016-03-03,2016-03-05,2016-03-04,2,7,Completed
106,422,4,2016-03-04,2016-03-05,2016-03-05,3,9,Completed
107,633,4,2016-03-06,2016-03-09,2016-03-09,1,2,Completed
108,12,4,2016-03-06,2016-03-09,2016-03-07,2,6,Completed
109,1255,4,2016-03-06,2016-03-09,2016-03-09,2,6,Completed
110,677,4,2016-03-06,2016-03-08,2016-03-09,3,9,Completed
111,630,4,2016-03-07,2016-03-10,2016-03-10,2,6,Completed
112,469,4,2016-03-08,2016-03-11,2016-03-10,2,6,Completed
113,1078,4,2016-03-08,2016-03-11,2016-03-11,2,6,Completed
114,1431,4,2016-03-08,2016-03-10,2016-03-11,2,7,Completed
115,1369,4,2016-03-09,2016-03-11,2016-03-11,2,7,Completed
116,471,4,2016-03-10,2016-03-11,2016-03-11,2,7,Completed
117,740,4,2016-03-10,2016-03-13,2016-03-11,2,6,Completed
118,577,4,2016-03-12,2016-03-14,2016-03-13,1,2,Completed
119,925,4,2016-03-12,2016-03-14,2016-03-14,2,7,Completed
120,327,4,2016-03-14,2016-03-15,2016-03-17,2,7,Completed
121,755,4,2016-03-14,2016-03-15,2016-03-16,2,6,Completed
122,786,4,2016-03-14,2016-03-16,2016-03-15,2,6,Completed
123,766,4,2016-03-15,2016-03-18,2016-03-17,2,6,Completed
124,403,4,2016-03-16,2016-03-18,2016-03-17,1,3,Completed
125,685,4,2016-03-16,2016-03-19,2016-03-17,2,6,Completed
126,1365,4,2016-03-16,2016-03-18,2016-03-18,2,7,Completed
127,484,4,2016-03-17,2016-03-18,2016-03-19,3,8,Completed
128,86,4,2016-03-18,2016-03-20,2016-03-21,2,6,Completed
129,84,4,2016-03-19,2016-03-21,2016-03-21,2,7,Completed
130,1049,4,2016-03-19,2016-03-22,2016-03-20,2,6,Completed
131,316,4,2016-03-19,2016-03-22,2016-03-20,3,8,Completed
132,46,4,2016-03-20,2016-03-22,2016-03-23,1,3,Completed
133,409,4,2016-03-20,2016-03-22,2016-03-21,2,7,Completed
134,679,4,2016-03-20,2016-03-21,2016-03-21,2,7,Completed
135,1354,4,2016-03-21,2016-03-23,2016-03-23,2,7,Completed
136,1192,4,2016-03-21,2016-03-24,2016-03-23,3,8,Completed
137,370,4,2016-03-23,2016-03-26,2016-03-25,2,7,Completed
138,438,4,2016-03-23,2016-03-24,2016-03-25,2,7,Completed
139,710,4,2016-03-23,2016-03-24,2016-03-26,2,7,Completed
140,1264,4,2016-03-23,2016-03-26,2016-03-26,2,7,Completed
141,557,4,2016-03-25,2016-03-27,2016-03-26,2,7,Completed
142,170,4,2016-03-26,2016-03-27,2016-03-27,1,3,Completed
143,693,4,2016-03-26,2016-03-28,2016-03-28,2,7,Completed
144,1124,4,2016-03-26,2016-03-29,2016-03-29,2,7,Completed
145,366,4,2016-03-27,2016-03-29,2016-03-30,2,6,Completed
146,288,4,2016-03-28,2016-03-30,2016-03-30,1,3,Completed
147,55,4,2016-03-28,2016-03-31,2016-03-31,2,7,Completed
148,714,4,2016-03-28,2016-03-30,2016-03-30,2,6,Completed
149,763,4,2016-03-28,2016-03-30,2016-03-29,2,6,Completed
150,332,4,2016-03-29,2016-03-31,2016-04-01,1,2,Completed
151,926,4,2016-03-29,2016-04-01,2016-03-31,1,2,Completed
152,76,4,2016-03-29,2016-03-30,2016-03-30,2,6,Completed
153,498,4,2016-03-30,2016-04-02,2016-04-01,2,6,Completed
154,1286,4,2016-03-31,2016-04-01,2016-04-01,1,2,Completed
155,371,4,2016-04-02,2016-04-03,2016-04-04,2,6,Completed
156,357,4,2016-04-03,2016-04-06,2016-04-05,1,3,Completed
157,43,4,2016-04-03,2016-04-06,2016-04-06,3,8,Completed
158,117,3,2016-04-04,2016-04-04,,3,9,Rejected
159,32,4,2016-04-04,2016-04-06,2016-04-06,1,2,Completed
160,205,4,2016-04-04,2016-04-06,2016-04-06,2,7,Completed
161,251,4,2016-04-04,2016-04-07,2016-04-05,2,7,Completed
162,31,4,2016-04-06,2016-04-08,2016-04-07,1,3,Completed
163,1325,4,2016-04-06,2016-04-07,2016-04-07,2,7,Completed
164,610,4,2016-04-07,2016-04-08,2016-04-09,2,7,Completed
165,574,4,2016-04-08,2016-04-10,2016-04-10,1,3,Completed
166,338,4,2016-04-08,2016-04-11,2016-04-11,2,6,Completed
167,1034,4,2016-04-08,2016-04-09,2016-04-11,2,7,Completed
168,1147,4,2016-04-09,2016-04-12,2016-04-11,1,3,Completed
169,99,4,2016-04-10,2016-04-11,2016-04-11,2,7,Completed
170,1200,4,2016-04-10,2016-04-11,2016-04-13,2,7,Completed
171,237,4,2016-04-11,2016-04-14,2016-04-14,1,3,Completed
172,1079,4,2016-04-11,2016-04-12,2016-04-14,2,7,Completed
173,117,4,2016-04-11,2016-04-14,2016-04-13,3,8,Completed
174,1361,4,2016-04-12,2016-04-13,2016-04-15,2,7,Completed
175,951,4,2016-04-13,2016-04-14,2016-04-14,2,6,Completed
176,643,4,2016-04-15,2016-04-16,2016-04-17,2,7,Completed
177,121,4,2016-04-16,2016-04-19,2016-04-19,1,2,Completed
178,756,4,2016-04-16,2016-04-17,2016-04-18,2,6,Completed
179,616,4,2016-04-17,2016-04-19,2016-04-19,2,6,Completed
180,918,4,2016-04-17,2016-04-20,2016-04-19,2,7,Completed
181,459,4,2016-04-18,2016-04-20,2016-04-20,1,3,Completed
182,854,4,2016-04-18,2016-04-19,2016-04-20,2,6,Completed
183,22,4,2016-04-19,2016-04-20,2016-04-20,2,7,Completed
184,134,4,2016-04-19,2016-04-21,2016-04-22,2,7,Completed
185,24,3,2016-04-20,2016-04-20,,1,2,Rejected
186,1127,4,2016-04-21,2016-04-22,2016-04-24,2,6,Completed
187,183,4,2016-04-22,2016-04-23,2016-04-24,2,6,Completed
188,390,4,2016-04-22,2016-04-23,2016-04-25,2,6,Completed
189,1288,4,2016-04-23,2016-04-24,2016-04-26,1,2,Completed
190,98,4,2016-04-23,2016-04-25,2016-04-25,2,6,Completed
191,919,4,2016-04-27,2016-04-28,2016-04-28,1,2,Completed
192,728,4,2016-04-27,2016-04-28,2016-04-29,2,7,Completed
193,1366,4,2016-04-28,2016-04-30,2016-04-30,1,3,Completed
194,558,4,2016-04-28,2016-04-30,2016-05-01,2,7,Completed
195,727,4,2016-04-28,2016-05-01,2016-05-01,2,7,Completed
196,1247,4,2016-04-28,2016-04-30,2016-05-01,2,6,Completed
197,127,4,2016-04-30,2016-05-03,2016-05-03,2,7,Completed
198,640,4,2016-05-01,2016-05-04,2016-05-03,2,6,Completed
199,760,4,2016-05-01,2016-05-04,2016-05-04,2,7,Completed
200,1074,4,2016-05-01,2016-05-03,2016-05-03,2,6,Completed
201,280,4,2016-05-01,2016-05-04,2016-05-02,3,9,Completed
202,600,4,2016-05-03,2016-05-05,2016-05-04,1,2,Completed
203,1102,4,2016-05-03,2016-05-05,2016-05-06,3,9,Completed
204,591,4,2016-05-04,2016-05-07,2016-05-06,2,7,Completed
205,635,4,2016-05-04,2016-05-05,2016-05-06,2,6,Completed
206,743,4,2016-05-04,2016-05-06,2016-05-05,3,9,Completed
207,105,4,2016-05-05,2016-05-07,2016-05-07,2,7,Completed
208,815,4,2016-05-06,2016-05-07,2016-05-09,2,7,Completed
209,514,4,2016-05-07,2016-05-08,2016-05-08,2,6,Completed
210,943,4,2016-05-07,2016-05-08,2016-05-09,2,6,Completed
211,1140,4,2016-05-07,2016-05-09,2016-05-08,2,6,Completed
212,1373,4,2016-05-08,2016-05-09,2016-05-11,2,6,Completed
213,788,4,2016-05-08,2016-05-09,2016-05-09,3,8,Completed
214,363,4,2016-05-10,2016-05-12,2016-05-11,2,6,Completed
215,1420,4,2016-05-10,2016-05-13,2016-05-12,2,7,Completed
216,267,4,2016-05-11,2016-05-14,2016-05-13,1,3,Completed
217,716,4,2016-05-11,2016-05-12,2016-05-14,2,7,Completed
218,1179,4,2016-05-12,2016-05-14,2016-05-14,2,7,Completed
219,1338,4,2016-05-12,2016-05-15,2016-05-15,2,6,Completed
220,1358,4,2016-05-12,2016-05-14,2016-05-15,2,6,Completed
221,1218,4,2016-05-13,2016-05-16,2016-05-14,1,2,Completed
222,51,4,2016-05-13,2016-05-16,2016-05-14,2,6,Completed
223,1368,4,2016-05-15,2016-05-16,2016-05-17,2,7,Completed
224,157,4,2016-05-17,2016-05-18,2016-05-19,1,3,Completed
225,307,4,2016-05-17,2016-05-20,2016-05-19,1,3,Completed
226,501,4,2016-05-17,2016-05-19,2016-05-20,1,2,Completed
227,489,4,2016-05-17,2016-05-18,2016-05-20,2,7,Completed
228,615,4,2016-05-17,2016-05-20,2016-05-20,2,7,Completed
229,742,4,2016-05-19,2016-05-21,2016-05-20,2,6,Completed
230,1167,4,2016-05-19,2016-05-20,2016-05-21,2,6,Completed
231,1257,4,2016-05-19,2016-05-22,2016-05-21,2,6,Completed
232,1360,4,2016-05-20,2016-05-23,2016-05-23,1,3,Completed
233,737,4,2016-05-21,2016-05-22,2016-05-24,2,6,Completed
234,1435,4,2016-05-22,2016-05-24,2016-05-24,2,6,Completed
235,649,4,2016-05-24,2016-05-25,2016-05-25,2,6,Completed
236,206,4,2016-05-25,2016-05-27,2016-05-26,2,6,Completed
237,1351,4,2016-05-25,2016-05-26,2016-05-27,2,7,Completed
238,1350,4,2016-05-26,2016-05-29,2016-05-29,2,6,Completed
239,13,3,2016-05-27,2016-05-27,,3,9,Rejected
240,65,4,2016-05-27,2016-05-29,2016-05-30,2,6,Completed
241,1082,4,2016-05-27,2016-05-29,2016-05-29,2,7,Completed
242,1168,4,2016-05-27,2016-05-30,2016-05-30,2,7,Completed
243,802,4,2016-05-27,2016-05-30,2016-05-28,3,8,Completed
244,956,4,2016-05-28,2016-05-29,2016-05-29,2,6,Completed
245,223,4,2016-05-29,2016-05-31,2016-05-30,2,7,Completed
246,17,3,2016-05-30,2016-05-30,,2,6,Rejected
247,928,4,2016-05-30,2016-06-01,2016-06-01,1,3,Completed
248,1376,4,2016-05-30,2016-06-01,2016-05-31,2,7,Completed
249,145,4,2016-06-01,2016-06-04,2016-06-04,2,6,Completed
250,150,4,2016-06-01,2016-06-02,2016-06-04,2,7,Completed
251,851,4,2016-06-01,2016-06-04,2016-06-04,2,7,Completed
252,66,4,2016-06-01,2016-06-04,2016-06-02,3,8,Completed
253,1267,4,2016-06-02,2016-06-05,2016-06-05,2,6,Completed
254,510,4,2016-06-03,2016-06-06,2016-06-05,2,7,Completed
255,801,4,2016-06-03,2016-06-06,2016-06-05,2,7,Completed
256,26,4,2016-06-04,2016-06-05,2016-06-07,2,7,Completed
257,1314,4,2016-06-05,2016-06-06,2016-06-08,1,3,Completed
258,107,4,2016-06-06,2016-06-07,2016-06-07,2,7,Completed
259,413,4,2016-06-06,2016-06-09,2016-06-09,2,7,Completed
260,632,4,2016-06-06,2016-06-08,2016-06-08,2,6,Completed
261,1045,4,2016-06-08,2016-06-10,2016-06-09,1,2,Completed
262,579,4,2016-06-08,2016-06-11,2016-06-10,3,9,Completed
263,1322,4,2016-06-09,2016-06-10,2016-06-12,2,6,Completed
264,5,3,2016-06-10,2016-06-10,,1,3,Rejected
265,682,4,2016-06-10,2016-06-12,2016-06-11,2,7,Completed
266,933,4,2016-06-10,2016-06-13,2016-06-13,2,7,Completed
267,282,4,2016-06-11,2016-06-14,2016-06-14,1,3,Completed
268,540,4,2016-06-11,2016-06-14,2016-06-12,1,3,Completed
269,764,4,2016-06-12,2016-06-13,2016-06-15,2,6,Completed
270,879,4,2016-06-12,2016-06-15,2016-06-13,2,7,Completed
271,350,4,2016-06-13,2016-06-16,2016-06-14,2,7,Completed
272,497,4,2016-06-15,2016-06-18,2016-06-16,2,7,Completed
273,1340,4,2016-06-16,2016-06-19,2016-06-17,2,7,Completed
274,411,4,2016-06-17,2016-06-20,2016-06-18,2,7,Completed
275,1341,4,2016-06-17,2016-06-19,2016-06-18,2,7,Completed
276,1227,4,2016-06-18,2016-06-19,2016-06-19,2,6,Completed
277,546,4,2016-06-19,2016-06-20,2016-06-20,2,7,Completed
278,1301,4,2016-06-20,2016-06-23,2016-06-21,1,3,Completed
279,378,4,2016-06-21,2016-06-22,2016-06-22,2,6,Completed
280,638,4,2016-06-21,2016-06-22,2016-06-23,2,7,Completed
281,800,4,2016-06-21,2016-06-22,2016-06-23,2,7,Completed
282,159,4,2016-06-22,2016-06-25,2016-06-25,3,9,Completed
283,181,4,2016-06-23,2016-06-26,2016-06-26,1,2,Completed
284,1356,4,2016-06-23,2016-06-25,2016-06-25,2,7,Completed
285,319,4,2016-06-25,2016-06-26,2016-06-27,1,2,Completed
286,59,4,2016-06-25,2016-06-26,2016-06-26,2,6,Completed
287,133,4,2016-06-25,2016-06-26,2016-06-27,2,6,Completed
288,780,4,2016-06-25,2016-06-28,2016-06-28,2,6,Completed
289,849,4,2016-06-27,2016-06-28,2016-06-30,2,6,Completed
290,202,4,2016-06-28,2016-06-29,2016-06-30,2,6,Completed
291,158,4,2016-06-29,2016-06-30,2016-07-01,2,6,Completed
292,360,4,2016-06-29,2016-06-30,2016-07-02,3,9,Completed
293,573,4,2016-06-30,2016-07-03,2016-07-02,2,7,Completed
294,732,4,2016-07-01,2016-07-02,2016-07-02,2,7,Completed
295,1130,4,2016-07-01,2016-07-04,2016-07-04,2,7,Completed
296,1245,4,2016-07-04,2016-07-07,2016-07-06,2,6,Completed
297,1425,4,2016-07-04,2016-07-05,2016-07-06,2,7,Completed
298,885,4,2016-07-04,2016-07-07,2016-07-07,3,9,Completed
299,281,4,2016-07-05,2016-07-06,2016-07-07,2,6,Completed
300,1205,4,2016-07-05,2016-07-08,2016-07-08,2,6,Completed
301,17,4,2016-07-06,2016-07-09,2016-07-08,2,6,Completed
302,1375,4,2016-07-06,2016-07-07,2016-07-09,2,6,Completed
303,36,4,2016-07-07,2016-07-08,2016-07-09,2,7,Completed
304,230,4,2016-07-07,2016-07-08,2016-07-08,2,6,Completed
305,705,4,2016-07-07,2016-07-08,2016-07-08,2,7,Completed
306,424,4,2016-07-09,2016-07-10,2016-07-12,2,7,Completed
307,695,4,2016-07-09,2016-07-11,2016-07-11,2,6,Completed
308,156,4,2016-07-11,2016-07-12,2016-07-14,2,6,Completed
309,211,4,2016-07-11,2016-07-13,2016-07-13,2,6,Completed
310,627,4,2016-07-12,2016-07-13,2016-07-13,1,2,Completed
311,1400,4,2016-07-12,2016-07-14,2016-07-13,2,6,Completed
312,299,4,2016-07-13,2016-07-15,2016-07-16,2,6,Completed
313,565,4,2016-07-14,2016-07-15,2016-07-15,3,9,Completed
314,1019,4,2016-07-15,2016-07-17,2016-07-17,2,7,Completed
315,1263,4,2016-07-16,2016-07-19,2016-07-17,2,6,Completed
316,670,4,2016-07-17,2016-07-20,2016-07-19,2,7,Completed
317,795,4,2016-07-17,2016-07-20,2016-07-19,2,7,Completed
318,1141,4,2016-07-17,2016-07-19,2016-07-20,2,7,Completed
319,941,4,2016-07-18,2016-07-21,2016-07-21,2,6,Completed
320,1428,4,2016-07-19,2016-07-20,2016-07-21,1,2,Completed
321,568,4,2016-07-19,2016-07-22,2016-07-21,2,6,Completed
322,924,4,2016-07-19,2016-07-22,2016-07-20,2,6,Completed
323,1243,4,2016-07-19,2016-07-22,2016-07-21,2,6,Completed
324,480,4,2016-07-20,2016-07-22,2016-07-23,2,6,Completed
325,848,4,2016-07-20,2016-07-21,2016-07-21,2,6,Completed
326,1337,4,2016-07-20,2016-07-21,2016-07-22,3,9,Completed
327,83,4,2016-07-21,2016-07-24,2016-07-22,2,6,Completed
328,528,4,2016-07-23,2016-07-26,2016-07-25,2,6,Completed
329,274,4,2016-07-24,2016-07-27,2016-07-26,2,6,Completed
330,622,4,2016-07-24,2016-07-27,2016-07-27,2,6,Completed
331,642,4,2016-07-24,2016-07-26,2016-07-25,2,6,Completed
332,659,4,2016-07-24,2016-07-26,2016-07-26,2,7,Completed
333,779,4,2016-07-25,2016-07-27,2016-07-26,2,6,Completed
334,1112,4,2016-07-25,2016-07-28,2016-07-27,2,7,Completed
335,1193,4,2016-07-25,2016-07-27,2016-07-26,2,6,Completed
336,1030,4,2016-07-26,2016-07-29,2016-07-27,2,7,Completed
337,1252,4,2016-07-26,2016-07-27,2016-07-28,2,7,Completed
338,1333,4,2016-07-28,2016-07-29,2016-07-30,1,3,Completed
339,1110,4,2016-07-28,2016-07-31,2016-07-29,2,7,Completed
340,963,4,2016-07-29,2016-07-30,2016-07-31,2,7,Completed
341,1357,4,2016-07-31,2016-08-03,2016-08-01,1,3,Completed
342,806,4,2016-07-31,2016-08-01,2016-08-03,2,7,Completed
343,961,4,2016-07-31,2016-08-02,2016-08-01,2,7,Completed
344,750,4,2016-08-01,2016-08-03,2016-08-02,2,6,Completed
345,1299,4,2016-08-01,2016-08-04,2016-08-03,2,6,Completed
346,584,4,2016-08-01,2016-08-03,2016-08-02,3,9,Completed
347,1004,4,2016-08-02,2016-08-03,2016-08-05,2,6,Completed
348,907,4,2016-08-02,2016-08-05,2016-08-04,3,9,Completed
349,30,3,2016-08-03,2016-08-03,,1,3,Rejected
350,31,3,2016-08-03,2016-08-03,,1,3,Rejected
351,1307,4,2016-08-03,2016-08-06,2016-08-04,1,2,Completed
352,16,4,2016-08-03,2016-08-04,2016-08-06,2,7,Completed
353,1387,4,2016-08-03,2016-08-06,2016-08-06,2,7,Completed
354,551,4,2016-08-03,2016-08-05,2016-08-06,3,8,Completed
355,1011,4,2016-08-03,2016-08-05,2016-08-05,3,8,Completed
356,1189,4,2016-08-04,2016-08-07,2016-08-06,2,6,Completed
357,14,3,2016-08-05,2016-08-05,,3,8,Rejected
358,1042,4,2016-08-05,2016-08-07,2016-08-07,2,7,Completed
359,441,4,2016-08-07,2016-08-10,2016-08-10,2,7,Completed
360,1300,4,2016-08-07,2016-08-09,2016-08-10,2,6,Completed
361,994,4,2016-08-08,2016-08-09,2016-08-11,2,6,Completed
362,187,4,2016-08-09,2016-08-11,2016-08-11,1,2,Completed
363,834,4,2016-08-11,2016-08-12,2016-08-13,3,8,Completed
364,373,4,2016-08-12,2016-08-14,2016-08-13,2,6,Completed
365,981,4,2016-08-13,2016-08-14,2016-08-15,2,6,Completed
366,1054,4,2016-08-13,2016-08-14,2016-08-14,3,9,Completed
367,527,4,2016-08-14,2016-08-15,2016-08-15,2,7,Completed
368,995,4,2016-08-14,2016-08-15,2016-08-17,2,7,Completed
369,1285,4,2016-08-15,2016-08-18,2016-08-18,1,3,Completed
370,758,4,2016-08-15,2016-08-18,2016-08-18,2,7,Completed
371,891,4,2016-08-15,2016-08-16,2016-08-18,2,7,Completed
372,132,4,2016-08-16,2016-08-18,2016-08-18,2,6,Completed
373,337,4,2016-08-16,2016-08-19,2016-08-17,2,7,Completed
374,1313,4,2016-08-17,2016-08-19,2016-08-18,1,2,Completed
375,536,4,2016-08-17,2016-08-20,2016-08-20,2,7,Completed
376,825,4,2016-08-17,2016-08-19,2016-08-18,2,6,Completed
377,1355,4,2016-08-17,2016-08-19,2016-08-20,2,6,Completed
378,475,4,2016-08-17,2016-08-20,2016-08-20,3,9,Completed
379,954,4,2016-08-18,2016-08-21,2016-08-21,2,7,Completed
380,1156,4,2016-08-19,2016-08-20,2016-08-21,2,7,Completed
381,1297,4,2016-08-19,2016-08-21,2016-08-21,2,7,Completed
382,199,4,2016-08-20,2016-08-23,2016-08-23,2,6,Completed
383,331,4,2016-08-20,2016-08-23,2016-08-22,2,7,Completed
384,410,4,2016-08-20,2016-08-22,2016-08-23,2,7,Completed
385,1274,4,2016-08-20,2016-08-23,2016-08-22,2,7,Completed
386,1362,4,2016-08-20,2016-08-23,2016-08-23,2,6,Completed
387,451,4,2016-08-20,2016-08-21,2016-08-21,3,8,Completed
388,1080,4,2016-08-21,2016-08-24,2016-08-23,3,8,Completed
389,53,4,2016-08-22,2016-08-24,2016-08-25,1,3,Completed
390,576,4,2016-08-22,2016-08-24,2016-08-25,3,9,Completed
391,61,3,2016-08-23,2016-08-23,,3,9,Rejected
392,176,4,2016-08-23,2016-08-26,2016-08-24,1,3,Completed
393,368,4,2016-08-25,2016-08-26,2016-08-27,2,6,Completed
394,522,4,2016-08-26,2016-08-28,2016-08-29,1,3,Completed
395,144,4,2016-08-26,2016-08-27,2016-08-29,2,6,Completed
396,542,4,2016-08-27,2016-08-30,2016-08-29,2,6,Completed
397,1437,4,2016-08-28,2016-08-31,2016-08-29,2,7,Completed
398,447,4,2016-08-29,2016-08-30,2016-09-01,1,2,Completed
399,1001,4,2016-08-29,2016-09-01,2016-09-01,2,7,Completed
400,1295,4,2016-08-29,2016-08-30,2016-08-31,2,6,Completed
401,103,4,2016-08-30,2016-09-02,2016-09-01,2,6,Completed
402,1335,4,2016-08-30,2016-09-01,2016-08-31,2,6,Completed
403,578,4,2016-08-31,2016-09-01,2016-09-02,1,3,Completed
404,396,4,2016-08-31,2016-09-03,2016-09-01,2,7,Completed
405,603,4,2016-08-31,2016-09-01,2016-09-01,2,6,Completed
406,1380,4,2016-08-31,2016-09-02,2016-09-01,2,7,Completed
407,77,3,2016-09-01,2016-09-01,,3,8,Rejected
408,1071,4,2016-09-01,2016-09-02,2016-09-02,1,2,Completed
409,416,4,2016-09-01,2016-09-04,2016-09-04,2,7,Completed
410,1151,4,2016-09-01,2016-09-03,2016-09-02,2,6,Completed
411,261,4,2016-09-02,2016-09-04,2016-09-04,1,3,Completed
412,1202,4,2016-09-02,2016-09-04,2016-09-04,1,3,Completed
413,717,4,2016-09-02,2016-09-05,2016-09-03,2,6,Completed
414,917,4,2016-09-03,2016-09-06,2016-09-06,2,7,Completed
415,1265,4,2016-09-03,2016-09-06,2016-09-06,2,7,Completed
416,1377,4,2016-09-03,2016-09-04,2016-09-06,2,7,Completed
417,359,4,2016-09-04,2016-09-05,2016-09-06,1,3,Completed
418,88,4,2016-09-04,2016-09-05,2016-09-05,2,6,Completed
419,14,4,2016-09-04,2016-09-07,2016-09-06,3,8,Completed
420,72,4,2016-09-05,2016-09-06,2016-09-07,1,3,Completed
421,240,4,2016-09-05,2016-09-06,2016-09-08,1,3,Completed
422,398,4,2016-09-06,2016-09-07,2016-09-09,2,6,Completed
423,1397,4,2016-09-06,2016-09-09,2016-09-09,2,7,Completed
424,67,4,2016-09-08,2016-09-11,2016-09-11,1,3,Completed
425,843,4,2016-09-08,2016-09-11,2016-09-11,2,6,Completed
426,944,4,2016-09-08,2016-09-10,2016-09-10,2,6,Completed
427,434,4,2016-09-09,2016-09-10,2016-09-11,1,2,Completed
428,1039,4,2016-09-09,2016-09-12,2016-09-10,2,6,Completed
429,153,4,2016-09-10,2016-09-12,2016-09-12,3,8,Completed
430,272,4,2016-09-11,2016-09-13,2016-09-12,2,6,Completed
431,1217,4,2016-09-11,2016-09-12,2016-09-12,2,6,Completed
432,169,4,2016-09-12,2016-09-15,2016-09-14,1,2,Completed
433,1062,4,2016-09-12,2016-09-15,2016-09-13,2,6,Completed
434,726,4,2016-09-13,2016-09-15,2016-09-14,2,6,Completed
435,77,4,2016-09-14,2016-09-15,2016-09-16,3,9,Completed
436,791,4,2016-09-16,2016-09-19,2016-09-19,2,7,Completed
437,1085,4,2016-09-16,2016-09-18,2016-09-18,2,7,Completed
438,314,4,2016-09-16,2016-09-19,2016-09-18,3,8,Completed
439,149,4,2016-09-17,2016-09-20,2016-09-18,2,6,Completed
440,882,4,2016-09-17,2016-09-18,2016-09-19,2,7,Completed
441,704,4,2016-09-18,2016-09-19,2016-09-19,1,2,Completed
442,667,4,2016-09-18,2016-09-21,2016-09-21,2,7,Completed
443,1371,4,2016-09-18,2016-09-19,2016-09-20,2,6,Completed
444,30,4,2016-09-19,2016-09-20,2016-09-21,1,2,Completed
445,362,4,2016-09-19,2016-09-22,2016-09-22,2,6,Completed
446,399,4,2016-09-19,2016-09-21,2016-09-20,2,7,Completed
447,808,4,2016-09-20,2016-09-23,2016-09-22,3,8,Completed
448,101,4,2016-09-21,2016-09-22,2016-09-24,2,6,Completed
449,492,4,2016-09-21,2016-09-24,2016-09-22,2,7,Completed
450,575,4,2016-09-21,2016-09-24,2016-09-23,2,7,Completed
451,1146,4,2016-09-21,2016-09-23,2016-09-22,2,7,Completed
452,997,4,2016-09-22,2016-09-23,2016-09-24,2,7,Completed
453,1028,4,2016-09-22,2016-09-24,2016-09-25,2,7,Completed
454,988,4,2016-09-23,2016-09-25,2016-09-26,2,6,Completed
455,1055,4,2016-09-23,2016-09-24,2016-09-24,2,7,Completed
456,1061,4,2016-09-23,2016-09-26,2016-09-25,3,9,Completed
457,1349,4,2016-09-24,2016-09-27,2016-09-27,1,3,Completed
458,197,4,2016-09-25,2016-09-28,2016-09-26,2,6,Completed
459,874,4,2016-09-25,2016-09-28,2016-09-26,2,6,Completed
460,691,4,2016-09-25,2016-09-27,2016-09-26,3,8,Completed
461,853,4,2016-09-26,2016-09-27,2016-09-27,2,7,Completed
462,852,4,2016-09-27,2016-09-28,2016-09-29,2,6,Completed
463,964,4,2016-09-27,2016-09-28,2016-09-28,3,8,Completed
464,74,4,2016-09-28,2016-09-30,2016-09-29,2,7,Completed
465,1198,4,2016-09-28,2016-10-01,2016-10-01,2,6,Completed
466,1440,4,2016-09-28,2016-09-29,2016-10-01,2,7,Completed
467,555,4,2016-09-28,2016-09-30,2016-09-30,3,8,Completed
468,1261,4,2016-09-29,2016-10-02,2016-09-30,1,3,Completed
469,1089,4,2016-09-29,2016-10-02,2016-10-02,2,7,Completed
470,641,4,2016-09-30,2016-10-02,2016-10-02,1,3,Completed
471,697,4,2016-09-30,2016-10-02,2016-10-01,1,3,Completed
472,468,4,2016-09-30,2016-10-01,2016-10-01,2,7,Completed
473,549,4,2016-09-30,2016-10-02,2016-10-03,2,7,Completed
474,553,4,2016-10-01,2016-10-04,2016-10-04,1,3,Completed
475,241,4,2016-10-01,2016-10-04,2016-10-03,2,7,Completed
476,559,4,2016-10-01,2016-10-04,2016-10-02,2,6,Completed
477,449,4,2016-10-02,2016-10-05,2016-10-04,1,2,Completed
478,304,4,2016-10-02,2016-10-05,2016-10-03,2,7,Completed
479,984,4,2016-10-03,2016-10-04,2016-10-04,2,6,Completed
480,686,4,2016-10-04,2016-10-07,2016-10-05,1,3,Completed
481,481,4,2016-10-04,2016-10-07,2016-10-06,3,9,Completed
482,513,4,2016-10-05,2016-10-06,2016-10-06,2,6,Completed
483,703,4,2016-10-06,2016-10-07,2016-10-09,1,2,Completed
484,421,4,2016-10-06,2016-10-09,2016-10-07,2,7,Completed
485,465,4,2016-10-06,2016-10-08,2016-10-07,2,7,Completed
486,709,4,2016-10-06,2016-10-08,2016-10-09,2,7,Completed
487,827,4,2016-10-06,2016-10-09,2016-10-09,2,6,Completed
488,921,4,2016-10-06,2016-10-09,2016-10-08,2,6,Completed
489,899,4,2016-10-06,2016-10-08,2016-10-08,3,8,Completed
490,876,4,2016-10-07,2016-10-10,2016-10-09,2,6,Completed
491,1048,4,2016-10-08,2016-10-10,2016-10-11,1,2,Completed
492,191,4,2016-10-09,2016-10-10,2016-10-12,1,2,Completed
493,796,4,2016-10-09,2016-10-12,2016-10-11,1,3,Completed
494,875,4,2016-10-09,2016-10-10,2016-10-11,2,6,Completed
495,712,4,2016-10-10,2016-10-12,2016-10-13,1,3,Completed
496,193,4,2016-10-10,2016-10-12,2016-10-11,2,6,Completed
497,785,4,2016-10-10,2016-10-11,2016-10-11,2,6,Completed
498,1331,4,2016-10-10,2016-10-12,2016-10-11,2,6,Completed
499,260,4,2016-10-11,2016-10-14,2016-10-13,1,2,Completed
500,148,4,2016-10-11,2016-10-12,2016-10-13,2,6,Completed
501,977,4,2016-10-11,2016-10-12,2016-10-13,2,7,Completed
502,401,4,2016-10-12,2016-10-13,2016-10-13,3,9,Completed
503,932,4,2016-10-13,2016-10-16,2016-10-14,2,6,Completed
504,1381,4,2016-10-14,2016-10-15,2016-10-15,1,2,Completed
505,721,4,2016-10-14,2016-10-16,2016-10-17,2,6,Completed
506,831,4,2016-10-14,2016-10-16,2016-10-16,2,6,Completed
507,1378,4,2016-10-15,2016-10-17,2016-10-17,1,3,Completed
508,1359,4,2016-10-15,2016-10-18,2016-10-18,2,6,Completed
509,235,4,2016-10-16,2016-10-17,2016-10-17,2,7,Completed
510,586,4,2016-10-17,2016-10-18,2016-10-18,2,7,Completed
511,377,4,2016-10-18,2016-10-20,2016-10-19,2,7,Completed
512,8,4,2016-10-19,2016-10-22,2016-10-20,2,7,Completed
513,155,4,2016-10-19,2016-10-21,2016-10-21,2,6,Completed
514,927,4,2016-10-19,2016-10-21,2016-10-20,2,7,Completed
515,986,4,2016-10-19,2016-10-20,2016-10-22,2,6,Completed
516,111,4,2016-10-21,2016-10-23,2016-10-24,2,6,Completed
517,613,4,2016-10-21,2016-10-22,2016-10-24,2,6,Completed
518,1374,4,2016-10-22,2016-10-24,2016-10-25,1,2,Completed
519,54,4,2016-10-22,2016-10-23,2016-10-24,2,7,Completed
520,639,4,2016-10-23,2016-10-26,2016-10-24,2,7,Completed
521,664,4,2016-10-23,2016-10-25,2016-10-25,2,6,Completed
522,724,4,2016-10-23,2016-10-24,2016-10-24,2,7,Completed
523,1056,4,2016-10-24,2016-10-26,2016-10-27,2,6,Completed
524,569,4,2016-10-25,2016-10-26,2016-10-27,1,2,Completed
525,1315,4,2016-10-26,2016-10-28,2016-10-29,1,3,Completed
526,1096,4,2016-10-26,2016-10-28,2016-10-28,2,6,Completed
527,506,4,2016-10-27,2016-10-29,2016-10-28,1,2,Completed
528,676,4,2016-10-28,2016-10-31,2016-10-31,2,7,Completed
529,753,4,2016-10-28,2016-10-30,2016-10-31,2,7,Completed
530,773,4,2016-10-28,2016-10-31,2016-10-31,2,6,Completed
531,116,4,2016-10-28,2016-10-29,2016-10-30,3,8,Completed
532,817,4,2016-10-29,2016-10-31,2016-10-30,2,7,Completed
533,1334,4,2016-10-29,2016-11-01,2016-11-01,2,6,Completed
534,1406,4,2016-10-29,2016-10-30,2016-10-31,2,7,Completed
535,835,4,2016-10-29,2016-10-31,2016-11-01,3,9,Completed
536,759,4,2016-10-31,2016-11-02,2016-11-01,1,3,Completed
537,1353,4,2016-10-31,2016-11-01,2016-11-03,1,2,Completed
538,341,4,2016-11-02,2016-11-05,2016-11-05,2,6,Completed
539,1144,4,2016-11-02,2016-11-04,2016-11-03,2,7,Completed
540,1429,4,2016-11-03,2016-11-05,2016-11-06,1,3,Completed
541,1228,4,2016-11-04,2016-11-07,2016-11-07,1,3,Completed
542,313,4,2016-11-04,2016-11-06,2016-11-05,2,7,Completed
543,62,4,2016-11-06,2016-11-09,2016-11-08,2,6,Completed
544,321,4,2016-11-06,2016-11-07,2016-11-08,2,7,Completed
545,1108,4,2016-11-08,2016-11-10,2016-11-09,3,9,Completed
546,470,4,2016-11-09,2016-11-12,2016-11-10,2,7,Completed
547,20,4,2016-11-09,2016-11-11,2016-11-10,3,8,Completed
548,739,4,2016-11-11,2016-11-13,2016-11-13,2,7,Completed
549,64,3,2016-11-12,2016-11-12,,3,9,Rejected
550,892,4,2016-11-12,2016-11-14,2016-11-15,2,7,Completed
551,1169,4,2016-11-12,2016-11-13,2016-11-13,2,6,Completed
552,1282,4,2016-11-12,2016-11-15,2016-11-13,2,7,Completed
553,913,4,2016-11-12,2016-11-13,2016-11-15,3,9,Completed
554,104,4,2016-11-13,2016-11-14,2016-11-16,1,3,Completed
555,212,4,2016-11-13,2016-11-14,2016-11-16,2,7,Completed
556,61,4,2016-11-13,2016-11-14,2016-11-15,3,9,Completed
557,1248,4,2016-11-14,2016-11-17,2016-11-15,2,6,Completed
558,1443,4,2016-11-15,2016-11-16,2016-11-17,2,7,Completed
559,959,4,2016-11-16,2016-11-17,2016-11-17,1,2,Completed
560,1405,4,2016-11-18,2016-11-19,2016-11-21,2,6,Completed
561,90,4,2016-11-19,2016-11-22,2016-11-22,2,6,Completed
562,942,4,2016-11-19,2016-11-20,2016-11-22,2,7,Completed
563,365,4,2016-11-20,2016-11-22,2016-11-21,2,6,Completed
564,1058,4,2016-11-20,2016-11-23,2016-11-22,2,7,Completed
565,894,4,2016-11-21,2016-11-22,2016-11-22,2,7,Completed
566,298,4,2016-11-22,2016-11-25,2016-11-23,1,3,Completed
567,1430,4,2016-11-22,2016-11-23,2016-11-23,1,2,Completed
568,1275,4,2016-11-23,2016-11-25,2016-11-24,1,3,Completed
569,707,4,2016-11-23,2016-11-24,2016-11-25,2,6,Completed
570,989,4,2016-11-23,2016-11-24,2016-11-25,2,6,Completed
571,5,4,2016-11-24,2016-11-25,2016-11-27,1,2,Completed
572,178,4,2016-11-24,2016-11-26,2016-11-26,2,6,Completed
573,423,4,2016-11-24,2016-11-26,2016-11-27,2,6,Completed
574,833,4,2016-11-26,2016-11-27,2016-11-29,2,7,Completed
575,33,4,2016-11-27,2016-11-28,2016-11-30,1,3,Completed
576,1272,4,2016-11-27,2016-11-30,2016-11-28,1,3,Completed
577,445,4,2016-11-27,2016-11-30,2016-11-29,2,6,Completed
578,819,4,2016-11-27,2016-11-28,2016-11-29,2,7,Completed
579,160,4,2016-11-27,2016-11-30,2016-11-29,3,8,Completed
580,581,4,2016-11-30,2016-12-02,2016-12-02,1,3,Completed
581,688,4,2016-12-03,2016-12-05,2016-12-06,1,3,Completed
582,32,3,2016-12-04,2016-12-04,,1,2,Rejected
583,792,4,2016-12-04,2016-12-05,2016-12-07,2,7,Completed
584,1209,4,2016-12-04,2016-12-05,2016-12-05,2,7,Completed
585,1219,4,2016-12-04,2016-12-05,2016-12-05,2,7,Completed
586,1306,4,2016-12-04,2016-12-06,2016-12-05,2,6,Completed
587,487,4,2016-12-06,2016-12-08,2016-12-08,1,2,Completed
588,102,4,2016-12-06,2016-12-07,2016-12-07,2,7,Completed
589,719,4,2016-12-06,2016-12-07,2016-12-07,2,7,Completed
590,990,4,2016-12-06,2016-12-09,2016-12-07,2,7,Completed
591,1211,4,2016-12-06,2016-12-09,2016-12-09,2,7,Completed
592,1232,4,2016-12-06,2016-12-08,2016-12-08,2,7,Completed
593,50,4,2016-12-07,2016-12-10,2016-12-08,3,8,Completed
594,1318,4,2016-12-07,2016-12-08,2016-12-08,3,8,Completed
595,538,4,2016-12-08,2016-12-09,2016-12-11,1,2,Completed
596,952,4,2016-12-08,2016-12-09,2016-12-09,1,3,Completed
597,1121,4,2016-12-08,2016-12-09,2016-12-10,2,6,Completed
598,40,3,2016-12-09,2016-12-09,,1,3,Rejected
599,1,4,2016-12-09,2016-12-10,2016-12-12,2,6,Completed
600,624,4,2016-12-09,2016-12-12,2016-12-11,2,7,Completed
601,683,4,2016-12-09,2016-12-10,2016-12-10,2,6,Completed
602,823,4,2016-12-09,2016-12-10,2016-12-11,2,6,Completed
603,1032,4,2016-12-09,2016-12-10,2016-12-10,2,7,Completed
604,96,4,2016-12-10,2016-12-13,2016-12-12,2,7,Completed
605,1208,4,2016-12-10,2016-12-11,2016-12-12,2,6,Completed
606,18,4,2016-12-11,2016-12-12,2016-12-13,2,7,Completed
607,309,4,2016-12-11,2016-12-14,2016-12-13,2,6,Completed
608,1103,4,2016-12-12,2016-12-15,2016-12-14,1,3,Completed
609,896,4,2016-12-12,2016-12-13,2016-12-14,2,7,Completed
610,711,4,2016-12-13,2016-12-15,2016-12-14,2,6,Completed
611,1073,4,2016-12-15,2016-12-17,2016-12-18,2,7,Completed
612,634,4,2016-12-16,2016-12-17,2016-12-17,2,7,Completed
613,1159,4,2016-12-17,2016-12-19,2016-12-19,2,7,Completed
614,654,4,2016-12-18,2016-12-21,2016-12-21,1,2,Completed
615,560,4,2016-12-19,2016-12-22,2016-12-21,3,9,Completed
616,1444,4,2016-12-20,2016-12-23,2016-12-23,2,6,Completed
617,118,4,2016-12-21,2016-12-23,2016-12-23,2,7,Completed
618,131,4,2016-12-21,2016-12-22,2016-12-22,2,6,Completed
619,454,4,2016-12-22,2016-12-25,2016-12-25,2,7,Completed
620,466,4,2016-12-22,2016-12-24,2016-12-24,2,6,Completed
621,1157,4,2016-12-23,2016-12-25,2016-12-24,2,6,Completed
622,1398,4,2016-12-23,2016-12-26,2016-12-25,2,7,Completed
623,678,4,2016-12-24,2016-12-26,2016-12-27,2,6,Completed
624,814,4,2016-12-24,2016-12-25,2016-12-27,2,6,Completed
625,1163,4,2016-12-25,2016-12-28,2016-12-26,1,2,Completed
626,130,4,2016-12-25,2016-12-28,2016-12-27,2,7,Completed
627,1119,4,2016-12-25,2016-12-26,2016-12-28,2,6,Completed
628,561,4,2016-12-26,2016-12-29,2016-12-27,1,3,Completed
629,973,4,2016-12-26,2016-12-27,2016-12-29,1,2,Completed
630,1404,4,2016-12-26,2016-12-27,2016-12-28,2,6,Completed
631,855,4,2016-12-27,2016-12-29,2016-12-29,1,3,Completed
632,163,4,2016-12-27,2016-12-29,2016-12-29,2,7,Completed
633,1040,4,2016-12-28,2016-12-31,2016-12-30,3,8,Completed
634,27,4,2016-12-29,2017-01-01,2016-12-30,2,6,Completed
635,520,4,2016-12-30,2017-01-02,2016-12-31,2,6,Completed
636,532,4,2017-01-03,2017-01-04,2017-01-05,1,2,Completed
637,512,4,2017-01-03,2017-01-05,2017-01-05,2,6,Completed
638,1302,4,2017-01-04,2017-01-05,2017-01-06,2,7,Completed
639,550,4,2017-01-06,2017-01-07,2017-01-07,2,6,Completed
640,1093,4,2017-01-06,2017-01-08,2017-01-07,2,6,Completed
641,673,4,2017-01-07,2017-01-10,2017-01-08,1,3,Completed
642,847,4,2017-01-07,2017-01-09,2017-01-10,2,7,Completed
643,901,4,2017-01-08,2017-01-09,2017-01-11,1,3,Completed
644,439,4,2017-01-08,2017-01-11,2017-01-10,2,6,Completed
645,1199,4,2017-01-08,2017-01-11,2017-01-10,2,6,Completed
646,975,4,2017-01-09,2017-01-12,2017-01-11,1,2,Completed
647,283,4,2017-01-09,2017-01-10,2017-01-11,2,7,Completed
648,684,4,2017-01-09,2017-01-11,2017-01-11,2,6,Completed
649,1153,4,2017-01-10,2017-01-11,2017-01-13,1,3,Completed
650,729,4,2017-01-11,2017-01-14,2017-01-12,1,2,Completed
651,190,4,2017-01-11,2017-01-13,2017-01-13,2,7,Completed
652,985,4,2017-01-12,2017-01-15,2017-01-13,3,9,Completed
653,1249,4,2017-01-14,2017-01-17,2017-01-15,1,2,Completed
654,1129,4,2017-01-14,2017-01-15,2017-01-17,2,7,Completed
655,347,4,2017-01-16,2017-01-17,2017-01-18,1,3,Completed
656,949,4,2017-01-16,2017-01-17,2017-01-18,2,7,Completed
657,349,4,2017-01-17,2017-01-19,2017-01-20,1,2,Completed
658,1051,4,2017-01-17,2017-01-18,2017-01-18,2,7,Completed
659,1391,4,2017-01-17,2017-01-19,2017-01-18,2,7,Completed
660,383,4,2017-01-18,2017-01-19,2017-01-19,2,7,Completed
661,626,4,2017-01-18,2017-01-19,2017-01-20,2,6,Completed
662,1125,4,2017-01-19,2017-01-20,2017-01-20,1,3,Completed
663,344,4,2017-01-20,2017-01-22,2017-01-23,1,3,Completed
664,681,4,2017-01-20,2017-01-23,2017-01-22,2,7,Completed
665,29,4,2017-01-21,2017-01-22,2017-01-23,2,6,Completed
666,770,4,2017-01-21,2017-01-22,2017-01-24,2,7,Completed
667,858,4,2017-01-22,2017-01-24,2017-01-25,2,7,Completed
668,297,4,2017-01-22,2017-01-23,2017-01-24,3,8,Completed
669,745,4,2017-01-23,2017-01-24,2017-01-26,2,7,Completed
670,361,4,2017-01-24,2017-01-25,2017-01-25,2,6,Completed
671,922,4,2017-01-25,2017-01-28,2017-01-26,2,7,Completed
672,908,4,2017-01-26,2017-01-29,2017-01-29,2,6,Completed
673,64,4,2017-01-26,2017-01-28,2017-01-27,3,9,Completed
674,733,4,2017-01-27,2017-01-28,2017-01-29,2,6,Completed
675,291,4,2017-01-28,2017-01-31,2017-01-30,2,7,Completed
676,790,4,2017-01-28,2017-01-30,2017-01-31,2,7,Completed
677,809,4,2017-01-28,2017-01-31,2017-01-30,2,7,Completed
678,250,4,2017-01-28,2017-01-29,2017-01-31,3,9,Completed
679,81,4,2017-01-29,2017-01-30,2017-01-30,1,3,Completed
680,245,4,2017-01-29,2017-02-01,2017-01-30,1,3,Completed
681,499,4,2017-01-29,2017-02-01,2017-01-31,2,7,Completed
682,614,4,2017-01-29,2017-01-30,2017-01-30,2,6,Completed
683,741,4,2017-01-29,2017-01-31,2017-02-01,2,6,Completed
684,762,4,2017-01-31,2017-02-01,2017-02-02,2,6,Completed
685,976,4,2017-01-31,2017-02-03,2017-02-02,2,7,Completed
686,380,4,2017-02-01,2017-02-03,2017-02-04,2,7,Completed
687,530,4,2017-02-02,2017-02-05,2017-02-04,1,3,Completed
688,343,4,2017-02-02,2017-02-03,2017-02-05,2,7,Completed
689,884,4,2017-02-02,2017-02-03,2017-02-05,2,7,Completed
690,1097,4,2017-02-03,2017-02-04,2017-02-06,1,2,Completed
691,1081,4,2017-02-04,2017-02-06,2017-02-06,2,7,Completed
692,2,3,2017-02-05,2017-02-05,,1,3,Rejected
693,1233,4,2017-02-05,2017-02-07,2017-02-06,1,3,Completed
694,58,4,2017-02-05,2017-02-06,2017-02-08,2,7,Completed
695,606,4,2017-02-05,2017-02-08,2017-02-07,2,7,Completed
696,1242,4,2017-02-05,2017-02-08,2017-02-08,2,7,Completed
697,562,4,2017-02-06,2017-02-08,2017-02-09,1,2,Completed
698,543,4,2017-02-06,2017-02-08,2017-02-09,3,8,Completed
699,958,4,2017-02-06,2017-02-08,2017-02-09,3,9,Completed
700,4,4,2017-02-07,2017-02-10,2017-02-08,2,6,Completed
701,850,4,2017-02-07,2017-02-08,2017-02-09,3,9,Completed
702,1352,4,2017-02-08,2017-02-09,2017-02-11,1,3,Completed
703,417,4,2017-02-08,2017-02-09,2017-02-09,2,7,Completed
704,1137,4,2017-02-08,2017-02-09,2017-02-11,2,6,Completed
705,1196,4,2017-02-08,2017-02-11,2017-02-11,2,7,Completed
706,1271,4,2017-02-09,2017-02-12,2017-02-10,1,2,Completed
707,79,4,2017-02-09,2017-02-11,2017-02-11,2,7,Completed
708,660,4,2017-02-10,2017-02-12,2017-02-11,1,2,Completed
709,1162,4,2017-02-11,2017-02-13,2017-02-12,2,6,Completed
710,295,4,2017-02-13,2017-02-15,2017-02-16,2,6,Completed
711,1246,4,2017-02-13,2017-02-16,2017-02-14,2,6,Completed
712,173,4,2017-02-13,2017-02-14,2017-02-16,3,9,Completed
713,207,4,2017-02-13,2017-02-14,2017-02-15,3,8,Completed
714,805,4,2017-02-14,2017-02-17,2017-02-15,2,7,Completed
715,12,3,2017-02-15,2017-02-15,,2,6,Rejected
716,672,4,2017-02-15,2017-02-17,2017-02-18,2,6,Completed
717,1312,4,2017-02-15,2017-02-18,2017-02-17,2,6,Completed
718,38,4,2017-02-16,2017-02-17,2017-02-17,2,7,Completed
719,200,4,2017-02-16,2017-02-19,2017-02-18,2,6,Completed
720,382,4,2017-02-16,2017-02-19,2017-02-19,2,6,Completed
721,625,4,2017-02-16,2017-02-19,2017-02-17,2,7,Completed
722,1399,4,2017-02-18,2017-02-20,2017-02-21,2,7,Completed
723,845,4,2017-02-19,2017-02-21,2017-02-22,2,6,Completed
724,864,4,2017-02-19,2017-02-22,2017-02-21,2,6,Completed
725,870,4,2017-02-19,2017-02-22,2017-02-22,2,7,Completed
726,969,4,2017-02-19,2017-02-22,2017-02-20,2,6,Completed
727,962,4,2017-02-19,2017-02-22,2017-02-21,3,9,Completed
728,1138,4,2017-02-20,2017-02-21,2017-02-23,1,3,Completed
729,897,4,2017-02-20,2017-02-22,2017-02-21,2,7,Completed
730,500,4,2017-02-21,2017-02-24,2017-02-22,2,6,Completed
731,910,4,2017-02-25,2017-02-27,2017-02-27,3,9,Completed
732,147,4,2017-02-26,2017-02-27,2017-03-01,2,7,Completed
733,832,4,2017-02-26,2017-03-01,2017-02-27,2,7,Completed
734,939,4,2017-02-26,2017-02-28,2017-03-01,3,9,Completed
735,20,3,2017-02-27,2017-02-27,,3,9,Rejected
736,184,4,2017-02-27,2017-02-28,2017-02-28,2,7,Completed
737,694,4,2017-02-27,2017-03-01,2017-02-28,2,6,Completed
738,124,4,2017-02-28,2017-03-01,2017-03-03,1,2,Completed
739,49,4,2017-02-28,2017-03-01,2017-03-02,2,6,Completed
740,1113,4,2017-02-28,2017-03-01,2017-03-02,2,6,Completed
741,119,4,2017-02-28,2017-03-01,2017-03-01,3,8,Completed
742,433,4,2017-02-28,2017-03-01,2017-03-01,3,9,Completed
743,137,4,2017-03-01,2017-03-04,2017-03-04,2,6,Completed
744,166,4,2017-03-01,2017-03-02,2017-03-02,2,7,Completed
745,698,4,2017-03-01,2017-03-03,2017-03-03,2,7,Completed
746,391,4,2017-03-02,2017-03-04,2017-03-05,1,3,Completed
747,87,4,2017-03-03,2017-03-04,2017-03-05,1,3,Completed
748,1072,4,2017-03-03,2017-03-05,2017-03-04,3,8,Completed
749,255,4,2017-03-04,2017-03-07,2017-03-05,2,7,Completed
750,232,4,2017-03-04,2017-03-07,2017-03-05,3,8,Completed
751,731,4,2017-03-05,2017-03-08,2017-03-07,1,3,Completed
752,335,4,2017-03-05,2017-03-06,2017-03-07,2,6,Completed
753,1201,4,2017-03-05,2017-03-08,2017-03-08,2,7,Completed
754,646,4,2017-03-06,2017-03-07,2017-03-08,1,2,Completed
755,531,4,2017-03-06,2017-03-07,2017-03-07,2,6,Completed
756,1143,4,2017-03-06,2017-03-07,2017-03-09,2,6,Completed
757,1336,4,2017-03-06,2017-03-08,2017-03-09,2,7,Completed
758,953,4,2017-03-06,2017-03-08,2017-03-07,3,9,Completed
759,284,4,2017-03-07,2017-03-09,2017-03-08,2,7,Completed
760,1104,4,2017-03-07,2017-03-10,2017-03-10,2,6,Completed
761,1291,4,2017-03-07,2017-03-08,2017-03-10,2,7,Completed
762,572,4,2017-03-08,2017-03-09,2017-03-09,2,6,Completed
763,842,4,2017-03-08,2017-03-10,2017-03-09,3,9,Completed
764,701,4,2017-03-09,2017-03-10,2017-03-12,1,2,Completed
765,1152,4,2017-03-09,2017-03-11,2017-03-12,1,2,Completed
766,141,4,2017-03-09,2017-03-11,2017-03-12,2,6,Completed
767,564,4,2017-03-09,2017-03-10,2017-03-11,2,7,Completed
768,841,4,2017-03-09,2017-03-12,2017-03-10,2,7,Completed
769,946,4,2017-03-09,2017-03-11,2017-03-11,2,6,Completed
770,135,4,2017-03-09,2017-03-11,2017-03-11,3,9,Completed
771,671,4,2017-03-11,2017-03-14,2017-03-12,1,3,Completed
772,448,4,2017-03-11,2017-03-12,2017-03-13,2,7,Completed
773,1385,4,2017-03-11,2017-03-12,2017-03-12,2,6,Completed
774,690,4,2017-03-12,2017-03-14,2017-03-14,2,6,Completed
775,968,4,2017-03-12,2017-03-13,2017-03-13,2,6,Completed
776,490,4,2017-03-13,2017-03-15,2017-03-16,2,6,Completed
777,496,4,2017-03-13,2017-03-16,2017-03-16,2,6,Completed
778,56,3,2017-03-15,2017-03-15,,3,9,Rejected
779,367,4,2017-03-15,2017-03-16,2017-03-18,2,6,Completed
780,592,4,2017-03-15,2017-03-17,2017-03-17,2,6,Completed
781,1018,4,2017-03-15,2017-03-16,2017-03-17,2,6,Completed
782,1298,4,2017-03-15,2017-03-16,2017-03-18,2,7,Completed
783,1343,4,2017-03-16,2017-03-19,2017-03-17,1,2,Completed
784,430,4,2017-03-16,2017-03-19,2017-03-19,2,7,Completed
785,794,4,2017-03-18,2017-03-19,2017-03-20,1,2,Completed
786,249,4,2017-03-18,2017-03-20,2017-03-19,2,6,Completed
787,700,4,2017-03-18,2017-03-20,2017-03-19,3,9,Completed
788,1363,4,2017-03-18,2017-03-20,2017-03-20,3,9,Completed
789,772,4,2017-03-19,2017-03-20,2017-03-20,2,6,Completed
790,1015,4,2017-03-19,2017-03-21,2017-03-22,2,7,Completed
791,432,4,2017-03-20,2017-03-22,2017-03-23,2,6,Completed
792,479,4,2017-03-22,2017-03-23,2017-03-24,2,6,Completed
793,653,4,2017-03-23,2017-03-24,2017-03-24,2,6,Completed
794,863,4,2017-03-23,2017-03-25,2017-03-24,2,7,Completed
795,992,4,2017-03-23,2017-03-25,2017-03-26,2,7,Completed
796,154,4,2017-03-23,2017-03-26,2017-03-25,3,9,Completed
797,374,4,2017-03-24,2017-03-26,2017-03-26,2,7,Completed
798,619,4,2017-03-26,2017-03-28,2017-03-29,1,3,Completed
799,607,4,2017-03-27,2017-03-28,2017-03-29,1,3,Completed
800,1057,4,2017-03-27,2017-03-29,2017-03-28,2,6,Completed
801,78,4,2017-03-28,2017-03-29,2017-03-30,1,2,Completed
802,340,4,2017-03-28,2017-03-29,2017-03-30,2,6,Completed
803,1105,4,2017-03-28,2017-03-31,2017-03-30,3,8,Completed
804,95,4,2017-03-29,2017-03-31,2017-03-30,2,6,Completed
805,420,4,2017-03-29,2017-03-30,2017-04-01,2,6,Completed
806,234,4,2017-03-30,2017-03-31,2017-03-31,2,7,Completed
807,1148,4,2017-03-30,2017-04-01,2017-04-02,2,6,Completed
808,315,4,2017-03-31,2017-04-02,2017-04-02,2,6,Completed
809,1222,4,2017-03-31,2017-04-03,2017-04-03,2,7,Completed
810,153,3,2017-04-01,2017-04-01,,3,8,Rejected
811,524,4,2017-04-01,2017-04-04,2017-04-04,2,7,Completed
812,1164,4,2017-04-01,2017-04-02,2017-04-03,2,7,Completed
813,1203,4,2017-04-01,2017-04-03,2017-04-02,3,9,Completed
814,629,4,2017-04-02,2017-04-05,2017-04-03,2,7,Completed
815,1251,4,2017-04-03,2017-04-05,2017-04-04,1,3,Completed
816,811,4,2017-04-03,2017-04-05,2017-04-05,2,6,Completed
817,301,4,2017-04-04,2017-04-05,2017-04-07,2,7,Completed
818,1319,4,2017-04-04,2017-04-07,2017-04-07,2,6,Completed
819,221,4,2017-04-04,2017-04-07,2017-04-05,3,9,Completed
820,725,4,2017-04-05,2017-04-08,2017-04-07,2,7,Completed
821,1181,4,2017-04-05,2017-04-07,2017-04-08,2,7,Completed
822,294,4,2017-04-06,2017-04-08,2017-04-09,2,7,Completed
823,415,4,2017-04-06,2017-04-07,2017-04-08,3,8,Completed
824,993,4,2017-04-07,2017-04-09,2017-04-10,1,2,Completed
825,10,4,2017-04-07,2017-04-08,2017-04-09,2,7,Completed
826,45,4,2017-04-07,2017-04-10,2017-04-10,2,6,Completed
827,666,4,2017-04-07,2017-04-10,2017-04-10,2,7,Completed
828,246,4,2017-04-09,2017-04-10,2017-04-12,2,6,Completed
829,674,4,2017-04-09,2017-04-10,2017-04-10,2,7,Completed
830,431,4,2017-04-11,2017-04-14,2017-04-12,2,6,Completed
831,1000,4,2017-04-11,2017-04-12,2017-04-12,2,7,Completed
832,1215,4,2017-04-11,2017-04-12,2017-04-12,2,7,Completed
833,406,4,2017-04-12,2017-04-14,2017-04-15,2,7,Completed
834,890,4,2017-04-12,2017-04-13,2017-04-15,2,6,Completed
835,940,4,2017-04-13,2017-04-15,2017-04-14,1,2,Completed
836,455,4,2017-04-13,2017-04-16,2017-04-14,2,6,Completed
837,948,4,2017-04-13,2017-04-16,2017-04-14,2,7,Completed
838,1395,4,2017-04-14,2017-04-17,2017-04-15,2,7,Completed
839,1332,4,2017-04-15,2017-04-18,2017-04-16,1,3,Completed
840,372,4,2017-04-15,2017-04-16,2017-04-16,2,6,Completed
841,428,4,2017-04-15,2017-04-18,2017-04-17,2,7,Completed
842,1133,4,2017-04-15,2017-04-18,2017-04-16,2,6,Completed
843,1059,4,2017-04-16,2017-04-17,2017-04-19,2,7,Completed
844,1436,4,2017-04-16,2017-04-17,2017-04-18,2,6,Completed
845,662,4,2017-04-17,2017-04-18,2017-04-18,2,7,Completed
846,715,4,2017-04-17,2017-04-19,2017-04-19,2,6,Completed
847,329,4,2017-04-18,2017-04-19,2017-04-19,2,7,Completed
848,597,4,2017-04-18,2017-04-20,2017-04-20,2,7,Completed
849,776,4,2017-04-19,2017-04-20,2017-04-21,1,2,Completed
850,1346,4,2017-04-19,2017-04-22,2017-04-22,1,3,Completed
851,1139,4,2017-04-20,2017-04-21,2017-04-22,2,6,Completed
852,13,4,2017-04-21,2017-04-23,2017-04-22,3,9,Completed
853,883,4,2017-04-21,2017-04-24,2017-04-24,3,8,Completed
854,177,4,2017-04-22,2017-04-25,2017-04-23,2,6,Completed
855,775,4,2017-04-22,2017-04-23,2017-04-25,2,6,Completed
856,477,4,2017-04-23,2017-04-25,2017-04-26,2,6,Completed
857,1402,4,2017-04-24,2017-04-25,2017-04-26,2,7,Completed
858,162,4,2017-04-25,2017-04-27,2017-04-28,2,6,Completed
859,644,4,2017-04-25,2017-04-26,2017-04-26,2,6,Completed
860,473,4,2017-04-27,2017-04-29,2017-04-28,2,7,Completed
861,1177,4,2017-04-27,2017-04-29,2017-04-30,2,7,Completed
862,1230,4,2017-04-27,2017-04-30,2017-04-29,3,8,Completed
863,446,4,2017-04-28,2017-04-30,2017-05-01,2,7,Completed
864,902,4,2017-04-28,2017-04-30,2017-04-29,2,6,Completed
865,974,4,2017-04-29,2017-05-02,2017-05-01,2,6,Completed
866,1410,4,2017-04-29,2017-04-30,2017-05-01,2,6,Completed
867,97,4,2017-05-01,2017-05-03,2017-05-02,1,3,Completed
868,868,4,2017-05-01,2017-05-04,2017-05-02,1,3,Completed
869,844,4,2017-05-01,2017-05-04,2017-05-02,2,7,Completed
870,1416,4,2017-05-01,2017-05-04,2017-05-02,2,6,Completed
871,358,4,2017-05-02,2017-05-04,2017-05-03,2,7,Completed
872,394,4,2017-05-03,2017-05-06,2017-05-06,1,3,Completed
873,829,4,2017-05-03,2017-05-05,2017-05-05,2,7,Completed
874,661,4,2017-05-04,2017-05-05,2017-05-06,2,7,Completed
875,386,4,2017-05-05,2017-05-06,2017-05-08,1,3,Completed
876,1046,4,2017-05-05,2017-05-08,2017-05-06,2,7,Completed
877,784,4,2017-05-06,2017-05-07,2017-05-08,2,6,Completed
878,224,4,2017-05-07,2017-05-10,2017-05-09,1,3,Completed
879,214,4,2017-05-08,2017-05-09,2017-05-09,2,7,Completed
880,1206,4,2017-05-08,2017-05-11,2017-05-10,2,6,Completed
881,1024,4,2017-05-08,2017-05-11,2017-05-11,3,9,Completed
882,196,4,2017-05-09,2017-05-12,2017-05-10,2,6,Completed
883,507,4,2017-05-11,2017-05-13,2017-05-14,2,6,Completed
884,871,4,2017-05-11,2017-05-13,2017-05-12,2,7,Completed
885,66,3,2017-05-13,2017-05-13,,3,8,Rejected
886,1396,4,2017-05-13,2017-05-14,2017-05-15,1,2,Completed
887,1195,4,2017-05-13,2017-05-15,2017-05-15,2,6,Completed
888,1038,4,2017-05-14,2017-05-16,2017-05-16,2,7,Completed
889,830,4,2017-05-14,2017-05-17,2017-05-15,3,8,Completed
890,171,4,2017-05-15,2017-05-18,2017-05-18,2,6,Completed
891,384,4,2017-05-15,2017-05-18,2017-05-16,2,6,Completed
892,651,4,2017-05-15,2017-05-18,2017-05-17,2,7,Completed
893,1293,4,2017-05-16,2017-05-19,2017-05-19,2,7,Completed
894,1320,4,2017-05-16,2017-05-19,2017-05-19,2,6,Completed
895,857,4,2017-05-18,2017-05-21,2017-05-19,2,6,Completed
896,376,4,2017-05-19,2017-05-22,2017-05-21,3,9,Completed
897,47,4,2017-05-20,2017-05-21,2017-05-21,1,2,Completed
898,352,4,2017-05-20,2017-05-21,2017-05-22,2,6,Completed
899,605,4,2017-05-20,2017-05-21,2017-05-21,2,7,Completed
900,971,4,2017-05-20,2017-05-21,2017-05-22,2,6,Completed
901,345,4,2017-05-21,2017-05-22,2017-05-24,2,7,Completed
902,1278,4,2017-05-21,2017-05-24,2017-05-22,2,6,Completed
903,179,4,2017-05-22,2017-05-23,2017-05-24,2,7,Completed
904,1020,4,2017-05-23,2017-05-26,2017-05-24,1,2,Completed
905,609,4,2017-05-23,2017-05-26,2017-05-24,2,6,Completed
906,877,4,2017-05-23,2017-05-26,2017-05-26,2,7,Completed
907,120,4,2017-05-24,2017-05-26,2017-05-27,1,2,Completed
908,402,4,2017-05-25,2017-05-28,2017-05-27,2,7,Completed
909,188,4,2017-05-26,2017-05-27,2017-05-28,1,2,Completed
910,342,4,2017-05-26,2017-05-28,2017-05-28,2,7,Completed
911,887,4,2017-05-26,2017-05-29,2017-05-29,2,6,Completed
912,519,4,2017-05-27,2017-05-29,2017-05-29,1,2,Completed
913,699,4,2017-05-27,2017-05-29,2017-05-29,2,6,Completed
914,1068,4,2017-05-28,2017-05-31,2017-05-31,1,2,Completed
915,215,4,2017-05-28,2017-05-30,2017-05-30,2,6,Completed
916,718,4,2017-05-28,2017-05-29,2017-05-29,2,6,Completed
917,881,4,2017-05-29,2017-05-31,2017-06-01,1,2,Completed
918,242,4,2017-05-30,2017-05-31,2017-05-31,1,3,Completed
919,781,4,2017-05-30,2017-05-31,2017-05-31,2,7,Completed
920,966,4,2017-05-30,2017-06-01,2017-06-02,2,7,Completed
921,628,4,2017-05-31,2017-06-02,2017-06-02,2,6,Completed
922,656,4,2017-05-31,2017-06-01,2017-06-03,2,6,Completed
923,769,4,2017-05-31,2017-06-03,2017-06-02,2,7,Completed
924,68,3,2017-06-02,2017-06-02,,3,8,Rejected
925,1316,4,2017-06-02,2017-06-05,2017-06-03,2,7,Completed
926,233,4,2017-06-03,2017-06-05,2017-06-06,1,2,Completed
927,1438,4,2017-06-03,2017-06-05,2017-06-06,1,2,Completed
928,957,4,2017-06-05,2017-06-06,2017-06-06,1,3,Completed
929,472,4,2017-06-05,2017-06-06,2017-06-08,2,6,Completed
930,1224,4,2017-06-05,2017-06-06,2017-06-06,3,9,Completed
931,631,4,2017-06-07,2017-06-08,2017-06-08,2,6,Completed
932,804,4,2017-06-07,2017-06-08,2017-06-09,2,6,Completed
933,909,4,2017-06-07,2017-06-10,2017-06-08,2,6,Completed
934,93,4,2017-06-09,2017-06-10,2017-06-12,2,7,Completed
935,43,3,2017-06-10,2017-06-10,,3,8,Rejected
936,265,4,2017-06-10,2017-06-13,2017-06-12,2,6,Completed
937,73,4,2017-06-11,2017-06-14,2017-06-13,2,7,Completed
938,129,4,2017-06-11,2017-06-12,2017-06-12,2,6,Completed
939,1407,4,2017-06-11,2017-06-12,2017-06-14,2,6,Completed
940,585,4,2017-06-12,2017-06-14,2017-06-13,1,2,Completed
941,736,4,2017-06-12,2017-06-14,2017-06-14,1,2,Completed
942,537,4,2017-06-13,2017-06-16,2017-06-15,2,6,Completed
943,1025,4,2017-06-13,2017-06-15,2017-06-15,2,6,Completed
944,138,4,2017-06-14,2017-06-15,2017-06-17,1,3,Completed
945,167,4,2017-06-14,2017-06-15,2017-06-16,2,7,Completed
946,525,4,2017-06-14,2017-06-16,2017-06-15,2,6,Completed
947,278,4,2017-06-15,2017-06-18,2017-06-17,1,3,Completed
948,618,4,2017-06-15,2017-06-17,2017-06-17,2,6,Completed
949,867,4,2017-06-16,2017-06-18,2017-06-17,1,3,Completed
950,142,4,2017-06-16,2017-06-19,2017-06-18,2,6,Completed
951,339,4,2017-06-16,2017-06-19,2017-06-19,2,7,Completed
952,355,4,2017-06-16,2017-06-18,2017-06-18,2,7,Completed
953,658,4,2017-06-16,2017-06-18,2017-06-17,2,7,Completed
954,611,4,2017-06-17,2017-06-20,2017-06-20,2,6,Completed
955,880,4,2017-06-17,2017-06-19,2017-06-18,2,6,Completed
956,1184,4,2017-06-17,2017-06-19,2017-06-20,2,6,Completed
957,722,4,2017-06-17,2017-06-20,2017-06-20,3,9,Completed
958,1276,4,2017-06-18,2017-06-20,2017-06-19,1,2,Completed
959,650,4,2017-06-18,2017-06-21,2017-06-21,2,7,Completed
960,1390,4,2017-06-18,2017-06-19,2017-06-19,2,7,Completed
961,82,4,2017-06-19,2017-06-21,2017-06-22,1,2,Completed
962,570,4,2017-06-19,2017-06-22,2017-06-20,2,7,Completed
963,1432,4,2017-06-19,2017-06-21,2017-06-21,2,6,Completed
964,404,4,2017-06-20,2017-06-22,2017-06-22,2,7,Completed
965,457,4,2017-06-20,2017-06-22,2017-06-23,2,6,Completed
966,389,4,2017-06-20,2017-06-22,2017-06-22,3,8,Completed
967,1323,4,2017-06-21,2017-06-24,2017-06-24,2,6,Completed
968,1403,4,2017-06-21,2017-06-23,2017-06-23,2,6,Completed
969,248,4,2017-06-21,2017-06-24,2017-06-22,3,9,Completed
970,836,4,2017-06-22,2017-06-25,2017-06-23,2,7,Completed
971,1426,4,2017-06-22,2017-06-23,2017-06-24,3,8,Completed
972,270,4,2017-06-23,2017-06-24,2017-06-25,2,7,Completed
973,238,4,2017-06-24,2017-06-27,2017-06-27,2,6,Completed
974,511,4,2017-06-24,2017-06-27,2017-06-27,3,8,Completed
975,1092,4,2017-06-25,2017-06-27,2017-06-28,2,6,Completed
976,1266,4,2017-06-25,2017-06-28,2017-06-27,3,9,Completed
977,400,4,2017-06-26,2017-06-28,2017-06-27,2,7,Completed
978,1123,4,2017-06-26,2017-06-28,2017-06-27,2,6,Completed
979,1190,4,2017-06-26,2017-06-29,2017-06-27,2,6,Completed
980,328,4,2017-06-26,2017-06-28,2017-06-27,3,9,Completed
981,687,4,2017-06-26,2017-06-29,2017-06-28,3,8,Completed
982,1423,4,2017-06-26,2017-06-29,2017-06-28,3,9,Completed
983,1158,4,2017-06-27,2017-06-28,2017-06-29,2,6,Completed
984,1287,4,2017-06-27,2017-06-28,2017-06-29,2,7,Completed
985,461,4,2017-06-30,2017-07-02,2017-07-01,2,6,Completed
986,556,4,2017-06-30,2017-07-03,2017-07-01,2,7,Completed
987,172,4,2017-07-02,2017-07-04,2017-07-04,1,2,Completed
988,436,4,2017-07-02,2017-07-04,2017-07-05,2,6,Completed
989,1145,4,2017-07-02,2017-07-04,2017-07-03,2,6,Completed
990,706,4,2017-07-04,2017-07-07,2017-07-07,2,7,Completed
991,751,4,2017-07-06,2017-07-07,2017-07-09,1,2,Completed
992,723,4,2017-07-07,2017-07-10,2017-07-09,2,7,Completed
993,1415,4,2017-07-09,2017-07-11,2017-07-11,1,3,Completed
994,419,4,2017-07-09,2017-07-11,2017-07-11,2,7,Completed
995,621,4,2017-07-11,2017-07-13,2017-07-14,1,2,Completed
996,915,4,2017-07-11,2017-07-12,2017-07-12,1,2,Completed
997,485,4,2017-07-11,2017-07-13,2017-07-14,2,7,Completed
998,219,4,2017-07-12,2017-07-13,2017-07-14,2,7,Completed
999,590,4,2017-07-12,2017-07-13,2017-07-14,2,6,Completed
1000,645,4,2017-07-12,2017-07-14,2017-07-15,2,7,Completed
1001,354,4,2017-07-13,2017-07-16,2017-07-15,2,6,Completed
1002,1418,4,2017-07-14,2017-07-16,2017-07-16,1,3,Completed
1003,503,4,2017-07-14,2017-07-16,2017-07-16,2,7,Completed
1004,1389,4,2017-07-14,2017-07-17,2017-07-16,2,6,Completed
1005,266,4,2017-07-15,2017-07-17,2017-07-16,2,7,Completed
1006,1070,4,2017-07-15,2017-07-18,2017-07-17,2,7,Completed
1007,1115,4,2017-07-16,2017-07-17,2017-07-17,2,6,Completed
1008,1345,4,2017-07-16,2017-07-18,2017-07-18,2,6,Completed
1009,1064,4,2017-07-16,2017-07-19,2017-07-19,3,8,Completed
1010,8,3,2017-07-18,2017-07-18,,2,7,Rejected
1011,495,4,2017-07-18,2017-07-21,2017-07-21,1,3,Completed
1012,620,4,2017-07-18,2017-07-20,2017-07-20,2,7,Completed
1013,174,4,2017-07-19,2017-07-22,2017-07-21,2,6,Completed
1014,748,4,2017-07-19,2017-07-21,2017-07-21,2,6,Completed
1015,799,4,2017-07-19,2017-07-22,2017-07-21,2,7,Completed
1016,1417,4,2017-07-19,2017-07-20,2017-07-21,3,9,Completed
1017,168,4,2017-07-20,2017-07-21,2017-07-23,2,6,Completed
1018,290,4,2017-07-22,2017-07-23,2017-07-23,2,6,Completed
1019,408,4,2017-07-22,2017-07-23,2017-07-24,2,7,Completed
1020,16,3,2017-07-23,2017-07-23,,2,6,Rejected
1021,125,4,2017-07-23,2017-07-24,2017-07-26,2,6,Completed
1022,353,4,2017-07-23,2017-07-26,2017-07-24,2,7,Completed
1023,356,4,2017-07-23,2017-07-26,2017-07-25,2,6,Completed
1024,837,4,2017-07-23,2017-07-25,2017-07-26,2,7,Completed
1025,1304,4,2017-07-23,2017-07-26,2017-07-26,2,6,Completed
1026,1370,4,2017-07-26,2017-07-28,2017-07-29,1,2,Completed
1027,588,4,2017-07-26,2017-07-28,2017-07-28,2,6,Completed
1028,1273,4,2017-07-27,2017-07-28,2017-07-30,2,7,Completed
1029,407,4,2017-07-29,2017-07-30,2017-08-01,1,3,Completed
1030,161,4,2017-07-29,2017-07-30,2017-07-31,2,6,Completed
1031,1308,4,2017-07-30,2017-08-01,2017-08-02,1,2,Completed
1032,429,4,2017-07-30,2017-08-02,2017-08-01,2,6,Completed
1033,582,4,2017-07-30,2017-07-31,2017-08-02,2,7,Completed
1034,895,4,2017-07-30,2017-07-31,2017-07-31,2,7,Completed
1035,1283,4,2017-07-30,2017-08-02,2017-08-02,2,6,Completed
1036,1442,4,2017-07-30,2017-08-01,2017-07-31,2,6,Completed
1037,1229,4,2017-07-31,2017-08-02,2017-08-03,2,6,Completed
1038,1281,4,2017-07-31,2017-08-01,2017-08-03,2,7,Completed
1039,1077,4,2017-08-02,2017-08-04,2017-08-03,2,7,Completed
1040,1225,4,2017-08-04,2017-08-07,2017-08-05,1,2,Completed
1041,70,4,2017-08-04,2017-08-06,2017-08-05,2,7,Completed
1042,539,4,2017-08-06,2017-08-07,2017-08-07,2,7,Completed
1043,1235,4,2017-08-06,2017-08-09,2017-08-08,2,6,Completed
1044,1270,4,2017-08-07,2017-08-10,2017-08-08,2,7,Completed
1045,185,4,2017-08-07,2017-08-09,2017-08-10,3,9,Completed
1046,1134,4,2017-08-07,2017-08-09,2017-08-08,3,8,Completed
1047,116,3,2017-08-08,2017-08-08,,3,8,Rejected
1048,777,4,2017-08-08,2017-08-10,2017-08-09,2,7,Completed
1049,194,4,2017-08-09,2017-08-11,2017-08-10,1,2,Completed
1050,239,4,2017-08-09,2017-08-12,2017-08-12,1,3,Completed
1051,209,4,2017-08-10,2017-08-11,2017-08-11,2,7,Completed
1052,460,4,2017-08-10,2017-08-12,2017-08-13,2,6,Completed
1053,1439,4,2017-08-10,2017-08-11,2017-08-12,2,6,Completed
1054,189,4,2017-08-11,2017-08-12,2017-08-12,2,7,Completed
1055,140,4,2017-08-12,2017-08-15,2017-08-15,2,6,Completed
1056,325,4,2017-08-12,2017-08-15,2017-08-13,2,7,Completed
1057,456,4,2017-08-12,2017-08-15,2017-08-13,2,7,Completed
1058,782,4,2017-08-13,2017-08-16,2017-08-14,2,6,Completed
1059,6,4,2017-08-14,2017-08-17,2017-08-17,2,7,Completed
1060,182,4,2017-08-15,2017-08-18,2017-08-17,2,6,Completed
1061,655,4,2017-08-15,2017-08-18,2017-08-18,2,7,Completed
1062,1210,4,2017-08-15,2017-08-17,2017-08-18,2,6,Completed
1063,198,4,2017-08-16,2017-08-19,2017-08-19,3,8,Completed
1064,898,4,2017-08-16,2017-08-18,2017-08-19,3,9,Completed
1065,25,4,2017-08-17,2017-08-19,2017-08-19,2,7,Completed
1066,106,4,2017-08-17,2017-08-20,2017-08-19,2,7,Completed
1067,225,4,2017-08-17,2017-08-19,2017-08-19,2,7,Completed
1068,453,4,2017-08-17,2017-08-20,2017-08-19,2,7,Completed
1069,493,4,2017-08-17,2017-08-19,2017-08-18,2,6,Completed
1070,596,4,2017-08-17,2017-08-20,2017-08-18,2,7,Completed
1071,602,4,2017-08-17,2017-08-20,2017-08-18,3,8,Completed
1072,47,3,2017-08-18,2017-08-18,,1,3,Rejected
1073,911,4,2017-08-18,2017-08-19,2017-08-21,2,7,Completed
1074,11,3,2017-08-19,2017-08-19,,2,6,Rejected
1075,1003,4,2017-08-19,2017-08-21,2017-08-22,1,3,Completed
1076,42,4,2017-08-19,2017-08-22,2017-08-22,2,6,Completed
1077,412,4,2017-08-19,2017-08-20,2017-08-21,2,6,Completed
1078,793,4,2017-08-19,2017-08-21,2017-08-20,2,6,Completed
1079,812,4,2017-08-19,2017-08-20,2017-08-20,2,7,Completed
1080,1086,4,2017-08-19,2017-08-20,2017-08-20,2,7,Completed
1081,1106,4,2017-08-19,2017-08-22,2017-08-22,2,6,Completed
1082,1327,4,2017-08-20,2017-08-22,2017-08-21,2,6,Completed
1083,1372,4,2017-08-20,2017-08-23,2017-08-23,2,6,Completed
1084,2,4,2017-08-21,2017-08-24,2017-08-23,1,2,Completed
1085,305,4,2017-08-21,2017-08-23,2017-08-23,1,3,Completed
1086,220,4,2017-08-21,2017-08-23,2017-08-24,2,7,Completed
1087,675,4,2017-08-22,2017-08-23,2017-08-25,3,8,Completed
1088,1160,4,2017-08-22,2017-08-23,2017-08-23,3,8,Completed
1089,46,3,2017-08-23,2017-08-23,,1,2,Rejected
1090,1427,4,2017-08-24,2017-08-26,2017-08-26,1,2,Completed
1091,1260,4,2017-08-24,2017-08-25,2017-08-25,2,7,Completed
1092,40,4,2017-08-25,2017-08-28,2017-08-27,1,2,Completed
1093,326,4,2017-08-25,2017-08-28,2017-08-26,1,3,Completed
1094,828,4,2017-08-25,2017-08-27,2017-08-28,2,6,Completed
1095,1382,4,2017-08-26,2017-08-28,2017-08-27,3,9,Completed
1096,589,4,2017-08-27,2017-08-29,2017-08-29,1,2,Completed
1097,1311,4,2017-08-27,2017-08-30,2017-08-28,2,6,Completed
1098,752,4,2017-08-28,2017-08-30,2017-08-30,1,2,Completed
1099,1128,4,2017-08-28,2017-08-29,2017-08-30,2,6,Completed
1100,1392,4,2017-08-28,2017-08-29,2017-08-29,2,7,Completed
1101,379,4,2017-08-29,2017-08-30,2017-08-30,2,7,Completed
1102,1317,4,2017-08-29,2017-08-31,2017-08-31,2,6,Completed
1103,1394,4,2017-08-31,2017-09-02,2017-09-02,2,7,Completed
1104,268,4,2017-09-01,2017-09-04,2017-09-03,2,6,Completed
1105,747,4,2017-09-01,2017-09-04,2017-09-03,3,8,Completed
1106,1009,4,2017-09-02,2017-09-04,2017-09-04,2,6,Completed
1107,1424,4,2017-09-02,2017-09-05,2017-09-05,2,7,Completed
1108,735,4,2017-09-03,2017-09-05,2017-09-04,1,3,Completed
1109,23,4,2017-09-03,2017-09-04,2017-09-04,2,6,Completed
1110,912,4,2017-09-04,2017-09-07,2017-09-07,2,6,Completed
1111,930,4,2017-09-04,2017-09-06,2017-09-05,2,6,Completed
1112,798,4,2017-09-05,2017-09-08,2017-09-07,2,7,Completed
1113,388,4,2017-09-06,2017-09-08,2017-09-07,2,7,Completed
1114,1036,4,2017-09-06,2017-09-08,2017-09-08,2,6,Completed
1115,1100,4,2017-09-07,2017-09-09,2017-09-09,2,6,Completed
1116,52,4,2017-09-08,2017-09-10,2017-09-10,2,7,Completed
1117,334,4,2017-09-08,2017-09-10,2017-09-10,2,6,Completed
1118,1023,4,2017-09-08,2017-09-11,2017-09-11,2,6,Completed
1119,749,4,2017-09-10,2017-09-12,2017-09-13,1,2,Completed
1120,1269,4,2017-09-10,2017-09-12,2017-09-13,2,7,Completed
1121,143,4,2017-09-11,2017-09-13,2017-09-12,2,7,Completed
1122,1132,4,2017-09-12,2017-09-14,2017-09-14,2,6,Completed
1123,598,4,2017-09-13,2017-09-14,2017-09-14,2,7,Completed
1124,275,4,2017-09-13,2017-09-14,2017-09-16,3,9,Completed
1125,945,4,2017-09-14,2017-09-15,2017-09-15,2,7,Completed
1126,1213,4,2017-09-14,2017-09-16,2017-09-15,3,8,Completed
1127,494,4,2017-09-15,2017-09-16,2017-09-16,2,7,Completed
1128,936,4,2017-09-15,2017-09-17,2017-09-16,2,6,Completed
1129,663,4,2017-09-17,2017-09-18,2017-09-20,2,6,Completed
1130,69,4,2017-09-18,2017-09-20,2017-09-20,1,3,Completed
1131,1178,4,2017-09-18,2017-09-20,2017-09-19,1,3,Completed
1132,351,4,2017-09-19,2017-09-20,2017-09-20,2,6,Completed
1133,517,4,2017-09-19,2017-09-21,2017-09-21,2,7,Completed
1134,978,4,2017-09-19,2017-09-22,2017-09-20,2,6,Completed
1135,1347,4,2017-09-19,2017-09-21,2017-09-20,2,6,Completed
1136,1050,4,2017-09-20,2017-09-21,2017-09-21,2,6,Completed
1137,810,4,2017-09-20,2017-09-23,2017-09-23,3,8,Completed
1138,254,4,2017-09-21,2017-09-23,2017-09-22,1,2,Completed
1139,1006,4,2017-09-21,2017-09-22,2017-09-23,1,2,Completed
1140,1063,4,2017-09-21,2017-09-22,2017-09-22,3,8,Completed
1141,1076,4,2017-09-22,2017-09-23,2017-09-24,1,2,Completed
1142,554,4,2017-09-23,2017-09-26,2017-09-26,1,3,Completed
1143,1087,4,2017-09-24,2017-09-26,2017-09-27,1,2,Completed
1144,1414,4,2017-09-24,2017-09-27,2017-09-27,2,7,Completed
1145,617,4,2017-09-25,2017-09-27,2017-09-26,2,6,Completed
1146,757,4,2017-09-25,2017-09-26,2017-09-28,2,7,Completed
1147,1344,4,2017-09-25,2017-09-26,2017-09-27,2,6,Completed
1148,1379,4,2017-09-25,2017-09-26,2017-09-27,2,7,Completed
1149,787,4,2017-09-27,2017-09-30,2017-09-30,2,7,Completed
1150,1183,4,2017-09-28,2017-10-01,2017-09-30,2,7,Completed
1151,708,4,2017-09-29,2017-09-30,2017-09-30,1,3,Completed
1152,1244,4,2017-09-29,2017-10-02,2017-10-01,2,6,Completed
1153,720,4,2017-09-30,2017-10-03,2017-10-03,2,7,Completed
1154,789,4,2017-09-30,2017-10-03,2017-10-03,2,7,Completed
1155,865,4,2017-09-30,2017-10-01,2017-10-01,2,7,Completed
1156,869,4,2017-09-30,2017-10-03,2017-10-03,2,7,Completed
1157,24,4,2017-10-01,2017-10-03,2017-10-04,1,3,Completed
1158,889,4,2017-10-01,2017-10-03,2017-10-02,1,2,Completed
1159,1221,4,2017-10-01,2017-10-02,2017-10-03,1,3,Completed
1160,1262,4,2017-10-01,2017-10-02,2017-10-04,1,2,Completed
1161,41,4,2017-10-01,2017-10-04,2017-10-02,2,7,Completed
1162,888,4,2017-10-01,2017-10-03,2017-10-03,2,6,Completed
1163,934,4,2017-10-01,2017-10-02,2017-10-02,2,6,Completed
1164,1067,4,2017-10-01,2017-10-02,2017-10-03,2,6,Completed
1165,652,4,2017-10-02,2017-10-03,2017-10-05,2,7,Completed
1166,286,4,2017-10-03,2017-10-04,2017-10-04,2,7,Completed
1167,900,4,2017-10-04,2017-10-07,2017-10-06,1,2,Completed
1168,1031,4,2017-10-04,2017-10-05,2017-10-06,2,6,Completed
1169,1421,4,2017-10-04,2017-10-06,2017-10-07,2,7,Completed
1170,534,4,2017-10-05,2017-10-07,2017-10-06,2,6,Completed
1171,826,4,2017-10-05,2017-10-06,2017-10-08,2,6,Completed
1172,1339,4,2017-10-07,2017-10-10,2017-10-09,2,7,Completed
1173,548,4,2017-10-08,2017-10-10,2017-10-09,2,7,Completed
1174,1109,4,2017-10-08,2017-10-10,2017-10-11,2,6,Completed
1175,292,4,2017-10-09,2017-10-11,2017-10-12,2,6,Completed
1176,1111,4,2017-10-10,2017-10-13,2017-10-11,3,9,Completed
1177,21,3,2017-10-12,2017-10-12,,3,9,Rejected
1178,771,4,2017-10-12,2017-10-15,2017-10-13,2,6,Completed
1179,1150,4,2017-10-12,2017-10-15,2017-10-15,3,9,Completed
1180,1065,4,2017-10-13,2017-10-16,2017-10-16,1,3,Completed
1181,1022,4,2017-10-13,2017-10-16,2017-10-15,2,7,Completed
1182,1422,4,2017-10-13,2017-10-14,2017-10-16,2,7,Completed
1183,216,4,2017-10-14,2017-10-17,2017-10-17,2,6,Completed
1184,369,4,2017-10-14,2017-10-15,2017-10-16,2,6,Completed
1185,960,4,2017-10-14,2017-10-16,2017-10-17,2,6,Completed
1186,1120,4,2017-10-14,2017-10-16,2017-10-15,2,6,Completed
1187,486,4,2017-10-15,2017-10-18,2017-10-16,2,6,Completed
1188,647,4,2017-10-15,2017-10-18,2017-10-17,2,7,Completed
1189,1090,4,2017-10-15,2017-10-17,2017-10-18,2,6,Completed
1190,34,4,2017-10-16,2017-10-19,2017-10-17,2,6,Completed
1191,186,4,2017-10-17,2017-10-18,2017-10-18,2,6,Completed
1192,1114,4,2017-10-17,2017-10-19,2017-10-18,2,6,Completed
1193,1412,4,2017-10-17,2017-10-19,2017-10-19,2,7,Completed
1194,192,4,2017-10-19,2017-10-22,2017-10-22,1,2,Completed
1195,229,4,2017-10-19,2017-10-21,2017-10-21,2,7,Completed
1196,508,4,2017-10-19,2017-10-21,2017-10-20,2,6,Completed
1197,269,4,2017-10-21,2017-10-23,2017-10-23,2,6,Completed
1198,1289,4,2017-10-22,2017-10-24,2017-10-24,2,7,Completed
1199,318,4,2017-10-23,2017-10-24,2017-10-26,1,2,Completed
1200,48,4,2017-10-23,2017-10-25,2017-10-26,2,6,Completed
1201,201,4,2017-10-23,2017-10-24,2017-10-24,2,6,Completed
1202,593,4,2017-10-24,2017-10-25,2017-10-25,2,6,Completed
1203,1191,4,2017-10-25,2017-10-27,2017-10-26,2,7,Completed
1204,1277,4,2017-10-25,2017-10-28,2017-10-28,2,6,Completed
1205,1091,4,2017-10-26,2017-10-28,2017-10-28,1,2,Completed
1206,222,4,2017-10-26,2017-10-29,2017-10-29,2,6,Completed
1207,1002,4,2017-10-26,2017-10-28,2017-10-27,2,6,Completed
1208,1226,4,2017-10-26,2017-10-28,2017-10-27,2,7,Completed
1209,1342,4,2017-10-26,2017-10-27,2017-10-29,2,7,Completed
1210,730,4,2017-10-26,2017-10-27,2017-10-29,3,8,Completed
1211,19,4,2017-10-27,2017-10-28,2017-10-29,2,7,Completed
1212,213,4,2017-10-27,2017-10-30,2017-10-29,2,6,Completed
1213,669,4,2017-10-27,2017-10-29,2017-10-29,3,9,Completed
1214,783,4,2017-10-28,2017-10-29,2017-10-29,2,6,Completed
1215,807,4,2017-10-28,2017-10-31,2017-10-30,2,7,Completed
1216,886,4,2017-10-28,2017-10-30,2017-10-29,2,7,Completed
1217,1155,4,2017-10-28,2017-10-31,2017-10-30,2,7,Completed
1218,1017,4,2017-10-30,2017-11-01,2017-10-31,1,2,Completed
1219,840,4,2017-10-30,2017-11-02,2017-11-02,2,7,Completed
1220,803,4,2017-10-31,2017-11-03,2017-11-03,2,6,Completed
1221,1290,4,2017-10-31,2017-11-02,2017-11-01,2,7,Completed
1222,482,4,2017-11-01,2017-11-04,2017-11-03,3,9,Completed
1223,1207,4,2017-11-02,2017-11-03,2017-11-03,2,6,Completed
1224,544,4,2017-11-03,2017-11-04,2017-11-04,2,6,Completed
1225,768,4,2017-11-04,2017-11-05,2017-11-07,1,2,Completed
1226,226,4,2017-11-04,2017-11-07,2017-11-06,2,7,Completed
1227,702,4,2017-11-04,2017-11-07,2017-11-06,2,6,Completed
1228,1041,4,2017-11-04,2017-11-06,2017-11-06,2,6,Completed
1229,89,4,2017-11-05,2017-11-08,2017-11-06,1,3,Completed
1230,1107,4,2017-11-05,2017-11-06,2017-11-07,2,6,Completed
1231,1180,4,2017-11-05,2017-11-07,2017-11-06,2,6,Completed
1232,665,4,2017-11-06,2017-11-07,2017-11-09,1,3,Completed
1233,462,4,2017-11-06,2017-11-07,2017-11-08,2,6,Completed
1234,19,3,2017-11-07,2017-11-07,,2,6,Rejected
1235,210,4,2017-11-07,2017-11-08,2017-11-09,2,6,Completed
1236,243,4,2017-11-08,2017-11-11,2017-11-09,2,7,Completed
1237,571,4,2017-11-09,2017-11-12,2017-11-11,1,2,Completed
1238,998,4,2017-11-09,2017-11-10,2017-11-11,2,6,Completed
1239,1197,4,2017-11-09,2017-11-10,2017-11-11,2,7,Completed
1240,903,4,2017-11-10,2017-11-11,2017-11-11,2,7,Completed
1241,1170,4,2017-11-10,2017-11-12,2017-11-11,2,7,Completed
1242,303,4,2017-11-11,2017-11-12,2017-11-12,2,6,Completed
1243,346,4,2017-11-11,2017-11-13,2017-11-14,2,6,Completed
1244,333,4,2017-11-12,2017-11-14,2017-11-13,2,6,Completed
1245,1166,4,2017-11-13,2017-11-16,2017-11-14,2,7,Completed
1246,1329,4,2017-11-13,2017-11-16,2017-11-16,2,7,Completed
1247,426,4,2017-11-16,2017-11-18,2017-11-17,1,2,Completed
1248,1367,4,2017-11-16,2017-11-17,2017-11-18,1,3,Completed
1249,545,4,2017-11-17,2017-11-18,2017-11-20,2,6,Completed
1250,1188,4,2017-11-17,2017-11-19,2017-11-18,2,6,Completed
1251,289,4,2017-11-17,2017-11-19,2017-11-19,3,9,Completed
1252,110,4,2017-11-18,2017-11-20,2017-11-21,1,3,Completed
1253,44,4,2017-11-18,2017-11-21,2017-11-21,2,6,Completed
1254,1098,4,2017-11-18,2017-11-19,2017-11-19,2,7,Completed
1255,375,4,2017-11-19,2017-11-20,2017-11-21,2,6,Completed
1256,458,4,2017-11-19,2017-11-20,2017-11-22,2,6,Completed
1257,1136,4,2017-11-19,2017-11-22,2017-11-20,2,7,Completed
1258,1099,4,2017-11-20,2017-11-21,2017-11-22,2,7,Completed
1259,4,3,2017-11-21,2017-11-21,,2,7,Rejected
1260,1117,4,2017-11-22,2017-11-23,2017-11-24,2,6,Completed
1261,435,4,2017-11-23,2017-11-25,2017-11-24,2,7,Completed
1262,509,4,2017-11-23,2017-11-26,2017-11-26,2,6,Completed
1263,1408,4,2017-11-23,2017-11-26,2017-11-26,2,6,Completed
1264,113,4,2017-11-24,2017-11-27,2017-11-25,2,6,Completed
1265,950,4,2017-11-24,2017-11-27,2017-11-27,2,7,Completed
1266,387,4,2017-11-25,2017-11-28,2017-11-27,2,6,Completed
1267,467,4,2017-11-25,2017-11-26,2017-11-26,2,6,Completed
1268,774,4,2017-11-26,2017-11-28,2017-11-29,1,3,Completed
1269,1236,4,2017-11-26,2017-11-29,2017-11-29,2,6,Completed
1270,1388,4,2017-11-26,2017-11-29,2017-11-29,2,6,Completed
1271,734,4,2017-11-27,2017-11-30,2017-11-30,2,6,Completed
1272,935,4,2017-11-27,2017-11-29,2017-11-30,2,6,Completed
1273,1268,4,2017-11-27,2017-11-29,2017-11-29,2,6,Completed
1274,1364,4,2017-11-28,2017-11-29,2017-12-01,2,7,Completed
1275,165,4,2017-11-29,2017-12-01,2017-11-30,1,2,Completed
1276,893,4,2017-11-30,2017-12-03,2017-12-02,2,6,Completed
1277,227,4,2017-12-01,2017-12-04,2017-12-02,2,6,Completed
1278,980,4,2017-12-01,2017-12-02,2017-12-04,2,7,Completed
1279,1014,4,2017-12-01,2017-12-04,2017-12-03,2,6,Completed
1280,123,4,2017-12-01,2017-12-03,2017-12-03,3,9,Completed
1281,1060,4,2017-12-02,2017-12-05,2017-12-05,2,6,Completed
1282,320,4,2017-12-03,2017-12-05,2017-12-05,2,6,Completed
1283,85,4,2017-12-04,2017-12-07,2017-12-07,2,7,Completed
1284,128,4,2017-12-04,2017-12-06,2017-12-07,2,7,Completed
1285,262,4,2017-12-04,2017-12-07,2017-12-07,2,7,Completed
1286,1033,4,2017-12-04,2017-12-07,2017-12-06,2,7,Completed
1287,279,4,2017-12-07,2017-12-10,2017-12-09,1,3,Completed
1288,778,4,2017-12-07,2017-12-10,2017-12-09,3,9,Completed
1289,1292,4,2017-12-08,2017-12-11,2017-12-10,1,3,Completed
1290,967,4,2017-12-08,2017-12-10,2017-12-10,2,6,Completed
1291,1284,4,2017-12-09,2017-12-11,2017-12-12,2,6,Completed
1292,285,4,2017-12-10,2017-12-13,2017-12-11,2,6,Completed
1293,1401,4,2017-12-10,2017-12-12,2017-12-11,2,7,Completed
1294,947,4,2017-12-11,2017-12-13,2017-12-14,1,2,Completed
1295,37,4,2017-12-11,2017-12-12,2017-12-14,2,7,Completed
1296,231,4,2017-12-14,2017-12-17,2017-12-15,1,3,Completed
1297,108,4,2017-12-14,2017-12-17,2017-12-16,2,6,Completed
1298,533,4,2017-12-14,2017-12-17,2017-12-16,3,9,Completed
1299,1216,4,2017-12-15,2017-12-18,2017-12-16,1,2,Completed
1300,824,4,2017-12-15,2017-12-17,2017-12-17,2,6,Completed
1301,1088,4,2017-12-16,2017-12-19,2017-12-19,1,3,Completed
1302,322,4,2017-12-16,2017-12-18,2017-12-19,2,7,Completed
1303,878,4,2017-12-16,2017-12-19,2017-12-18,2,7,Completed
1304,1409,4,2017-12-16,2017-12-17,2017-12-17,2,6,Completed
1305,257,4,2017-12-17,2017-12-19,2017-12-18,2,7,Completed
1306,28,4,2017-12-20,2017-12-21,2017-12-22,2,6,Completed
1307,1384,4,2017-12-22,2017-12-23,2017-12-25,1,2,Completed
1308,713,4,2017-12-22,2017-12-24,2017-12-24,2,7,Completed
1309,821,4,2017-12-22,2017-12-25,2017-12-24,2,6,Completed
1310,444,4,2017-12-24,2017-12-25,2017-12-26,1,3,Completed
1311,1021,4,2017-12-24,2017-12-26,2017-12-27,2,6,Completed
1312,311,4,2017-12-25,2017-12-28,2017-12-26,1,3,Completed
1313,1294,4,2017-12-25,2017-12-27,2017-12-27,1,3,Completed
1314,1027,4,2017-12-25,2017-12-26,2017-12-28,2,7,Completed
1315,931,4,2017-12-25,2017-12-27,2017-12-28,3,9,Completed
1316,846,4,2017-12-26,2017-12-29,2017-12-27,1,3,Completed
1317,418,4,2017-12-27,2017-12-28,2017-12-29,1,3,Completed
1318,75,4,2017-12-27,2017-12-30,2017-12-29,2,6,Completed
1319,604,4,2017-12-27,2017-12-30,2017-12-30,2,6,Completed
1320,244,4,2017-12-28,2017-12-30,2017-12-29,1,3,Completed
1321,217,4,2017-12-30,2017-12-31,2017-12-31,1,3,Completed
1322,39,4,2017-12-31,2018-01-03,2018-01-02,2,7,Completed
1323,273,4,2017-12-31,2018-01-01,2018-01-01,2,6,Completed
1324,862,4,2018-01-01,2018-01-04,2018-01-03,2,6,Completed
1325,68,4,2018-01-01,2018-01-02,2018-01-03,3,8,Completed
1326,567,4,2018-01-01,2018-01-03,2018-01-02,3,9,Completed
1327,1026,4,2018-01-02,2018-01-03,2018-01-05,2,6,Completed
1328,1083,4,2018-01-02,2018-01-03,2018-01-03,2,6,Completed
1329,443,4,2018-01-04,2018-01-05,2018-01-06,1,3,Completed
1330,761,4,2018-01-04,2018-01-05,2018-01-07,2,7,Completed
1331,1122,4,2018-01-05,2018-01-06,2018-01-08,2,6,Completed
1332,256,4,2018-01-06,2018-01-07,2018-01-09,2,7,Completed
1333,203,4,2018-01-06,2018-01-07,2018-01-07,3,8,Completed
1334,425,4,2018-01-07,2018-01-09,2018-01-10,2,6,Completed
1335,955,4,2018-01-07,2018-01-08,2018-01-08,2,7,Completed
1336,904,4,2018-01-09,2018-01-10,2018-01-12,1,2,Completed
1337,970,4,2018-01-09,2018-01-12,2018-01-12,2,7,Completed
1338,905,4,2018-01-10,2018-01-11,2018-01-13,2,6,Completed
1339,580,4,2018-01-11,2018-01-14,2018-01-13,1,3,Completed
1340,1066,4,2018-01-12,2018-01-13,2018-01-13,1,3,Completed
1341,1258,4,2018-01-12,2018-01-13,2018-01-14,2,7,Completed
1342,1393,4,2018-01-12,2018-01-13,2018-01-15,2,7,Completed
1343,594,4,2018-01-13,2018-01-15,2018-01-14,2,6,Completed
1344,916,4,2018-01-13,2018-01-16,2018-01-15,2,6,Completed
1345,1037,4,2018-01-14,2018-01-15,2018-01-15,2,6,Completed
1346,136,4,2018-01-14,2018-01-15,2018-01-15,3,8,Completed
1347,247,4,2018-01-15,2018-01-18,2018-01-18,1,2,Completed
1348,1214,4,2018-01-15,2018-01-17,2018-01-17,1,2,Completed
1349,464,4,2018-01-15,2018-01-17,2018-01-16,2,6,Completed
1350,637,4,2018-01-15,2018-01-18,2018-01-17,2,7,Completed
1351,1016,4,2018-01-16,2018-01-19,2018-01-19,2,7,Completed
1352,1433,4,2018-01-16,2018-01-18,2018-01-18,2,6,Completed
1353,502,4,2018-01-17,2018-01-19,2018-01-18,2,6,Completed
1354,476,4,2018-01-19,2018-01-20,2018-01-21,1,3,Completed
1355,1010,4,2018-01-19,2018-01-21,2018-01-20,2,7,Completed
1356,1161,4,2018-01-19,2018-01-21,2018-01-22,2,6,Completed
1357,440,4,2018-01-20,2018-01-23,2018-01-21,2,6,Completed
1358,253,4,2018-01-21,2018-01-23,2018-01-24,1,2,Completed
1359,1008,4,2018-01-21,2018-01-22,2018-01-22,3,9,Completed
1360,71,4,2018-01-22,2018-01-25,2018-01-24,2,6,Completed
1361,1084,4,2018-01-22,2018-01-24,2018-01-23,2,7,Completed
1362,310,4,2018-01-23,2018-01-24,2018-01-25,2,6,Completed
1363,860,4,2018-01-24,2018-01-25,2018-01-25,2,6,Completed
1364,122,4,2018-01-25,2018-01-28,2018-01-28,2,6,Completed
1365,689,4,2018-01-25,2018-01-28,2018-01-27,2,7,Completed
1366,1441,4,2018-01-26,2018-01-27,2018-01-28,2,6,Completed
1367,1118,4,2018-01-27,2018-01-28,2018-01-28,1,3,Completed
1368,765,4,2018-01-27,2018-01-28,2018-01-29,2,6,Completed
1369,92,4,2018-01-28,2018-01-30,2018-01-30,2,6,Completed
1370,115,4,2018-01-28,2018-01-29,2018-01-29,2,7,Completed
1371,937,4,2018-01-29,2018-01-30,2018-02-01,2,7,Completed
1372,1013,4,2018-01-29,2018-02-01,2018-01-30,2,6,Completed
1373,427,4,2018-01-29,2018-01-31,2018-01-31,3,9,Completed
1374,1330,4,2018-01-30,2018-02-01,2018-02-01,1,3,Completed
1375,312,4,2018-01-30,2018-02-01,2018-02-01,3,8,Completed
1376,1186,4,2018-02-01,2018-02-02,2018-02-03,1,2,Completed
1377,1007,4,2018-02-01,2018-02-03,2018-02-03,2,7,Completed
1378,983,4,2018-02-02,2018-02-05,2018-02-04,1,2,Completed
1379,1256,4,2018-02-02,2018-02-05,2018-02-05,2,6,Completed
1380,818,4,2018-02-05,2018-02-08,2018-02-08,1,3,Completed
1381,680,4,2018-02-05,2018-02-06,2018-02-08,2,7,Completed
1382,1303,4,2018-02-06,2018-02-09,2018-02-08,2,6,Completed
1383,488,4,2018-02-07,2018-02-08,2018-02-08,1,3,Completed
1384,1126,4,2018-02-08,2018-02-10,2018-02-09,2,7,Completed
1385,866,4,2018-02-08,2018-02-11,2018-02-09,3,9,Completed
1386,1254,4,2018-02-09,2018-02-10,2018-02-11,1,2,Completed
1387,11,4,2018-02-09,2018-02-11,2018-02-11,2,7,Completed
1388,323,4,2018-02-09,2018-02-12,2018-02-12,2,7,Completed
1389,491,4,2018-02-11,2018-02-12,2018-02-14,2,7,Completed
1390,63,4,2018-02-12,2018-02-13,2018-02-13,2,7,Completed
1391,914,4,2018-02-13,2018-02-14,2018-02-14,2,7,Completed
1392,1187,4,2018-02-13,2018-02-14,2018-02-14,2,6,Completed
1393,547,4,2018-02-14,2018-02-15,2018-02-15,2,7,Completed
1394,906,4,2018-02-14,2018-02-16,2018-02-16,3,8,Completed
1395,1052,4,2018-02-15,2018-02-18,2018-02-16,1,3,Completed
1396,856,4,2018-02-15,2018-02-18,2018-02-16,2,7,Completed
1397,920,4,2018-02-15,2018-02-17,2018-02-16,2,6,Completed
1398,1383,4,2018-02-16,2018-02-19,2018-02-19,1,3,Completed
1399,146,4,2018-02-16,2018-02-18,2018-02-18,2,6,Completed
1400,987,4,2018-02-17,2018-02-18,2018-02-18,2,6,Completed
1401,15,4,2018-02-18,2018-02-19,2018-02-20,2,7,Completed
1402,1171,4,2018-02-19,2018-02-21,2018-02-21,2,6,Completed
1403,452,4,2018-02-21,2018-02-22,2018-02-22,2,7,Completed
1404,1240,4,2018-02-23,2018-02-26,2018-02-24,1,3,Completed
1405,100,4,2018-02-25,2018-02-28,2018-02-27,2,6,Completed
1406,1053,4,2018-02-25,2018-02-27,2018-02-27,2,7,Completed
1407,18,3,2018-02-26,2018-02-26,,2,6,Rejected
1408,1172,4,2018-02-26,2018-02-27,2018-03-01,2,6,Completed
1409,21,4,2018-02-26,2018-02-28,2018-02-28,3,8,Completed
1410,1005,4,2018-02-27,2018-02-28,2018-02-28,2,7,Completed
1411,109,4,2018-03-01,2018-03-02,2018-03-02,1,2,Completed
1412,1043,4,2018-03-01,2018-03-02,2018-03-04,2,7,Completed
1413,56,4,2018-03-01,2018-03-03,2018-03-04,3,8,Completed
1414,293,4,2018-03-03,2018-03-05,2018-03-06,2,7,Completed
1415,839,4,2018-03-03,2018-03-04,2018-03-05,2,7,Completed
1416,566,4,2018-03-03,2018-03-04,2018-03-06,3,8,Completed
1417,300,4,2018-03-04,2018-03-06,2018-03-07,1,2,Completed
1418,364,4,2018-03-04,2018-03-05,2018-03-07,2,6,Completed
1419,474,4,2018-03-04,2018-03-07,2018-03-07,2,6,Completed
1420,838,4,2018-03-04,2018-03-05,2018-03-07,2,7,Completed
1421,1176,4,2018-03-05,2018-03-07,2018-03-07,2,7,Completed
1422,599,4,2018-03-05,2018-03-06,2018-03-08,3,8,Completed
1423,1231,4,2018-03-06,2018-03-07,2018-03-07,1,2,Completed
1424,1445,4,2018-03-07,2018-03-10,2018-03-10,1,2,Completed
1425,126,4,2018-03-07,2018-03-09,2018-03-09,2,6,Completed
1426,938,4,2018-03-07,2018-03-08,2018-03-10,2,6,Completed
1427,999,4,2018-03-07,2018-03-08,2018-03-08,2,6,Completed
1428,195,4,2018-03-08,2018-03-10,2018-03-11,2,7,Completed
1429,1116,4,2018-03-08,2018-03-09,2018-03-09,2,6,Completed
1430,1239,4,2018-03-10,2018-03-13,2018-03-11,2,7,Completed
1431,308,4,2018-03-11,2018-03-12,2018-03-14,2,6,Completed
1432,483,4,2018-03-11,2018-03-12,2018-03-14,2,6,Completed
1433,1142,4,2018-03-11,2018-03-13,2018-03-12,2,7,Completed
1434,595,4,2018-03-14,2018-03-16,2018-03-16,2,6,Completed
1435,744,4,2018-03-14,2018-03-15,2018-03-16,2,6,Completed
1436,1044,4,2018-03-14,2018-03-17,2018-03-16,2,6,Completed
1437,518,4,2018-03-15,2018-03-16,2018-03-16,1,2,Completed
1438,263,4,2018-03-15,2018-03-17,2018-03-16,2,6,Completed
1439,463,4,2018-03-15,2018-03-16,2018-03-17,2,7,Completed
1440,859,4,2018-03-15,2018-03-18,2018-03-16,3,8,Completed
1441,982,4,2018-03-15,2018-03-16,2018-03-18,3,8,Completed
1442,478,4,2018-03-16,2018-03-17,2018-03-17,2,7,Completed
1443,972,4,2018-03-16,2018-03-17,2018-03-17,2,7,Completed
1444,1154,4,2018-03-16,2018-03-17,2018-03-19,2,6,Completed
1445,515,4,2018-03-17,2018-03-18,2018-03-20,2,7,Completed
1446,820,4,2018-03-17,2018-03-18,2018-03-18,2,6,Completed
1447,1419,4,2018-03-18,2018-03-20,2018-03-20,1,3,Completed
1448,228,4,2018-03-18,2018-03-19,2018-03-21,2,6,Completed
1449,330,4,2018-03-18,2018-03-19,2018-03-20,2,7,Completed
1450,296,4,2018-03-19,2018-03-20,2018-03-22,2,7,Completed
1451,822,4,2018-03-19,2018-03-22,2018-03-20,2,6,Completed
1452,287,4,2018-03-20,2018-03-23,2018-03-23,1,3,Completed
1453,601,4,2018-03-20,2018-03-23,2018-03-22,1,3,Completed
1454,395,4,2018-03-20,2018-03-21,2018-03-22,2,6,Completed
1455,405,4,2018-03-20,2018-03-22,2018-03-21,2,6,Completed
1456,754,4,2018-03-20,2018-03-21,2018-03-23,2,7,Completed
1457,1411,4,2018-03-20,2018-03-23,2018-03-23,2,6,Completed
1458,1029,4,2018-03-20,2018-03-22,2018-03-21,3,8,Completed
1459,9,4,2018-03-21,2018-03-22,2018-03-22,2,7,Completed
1460,1131,4,2018-03-21,2018-03-23,2018-03-23,2,7,Completed
1461,139,4,2018-03-22,2018-03-25,2018-03-23,2,6,Completed
1462,1101,4,2018-03-22,2018-03-24,2018-03-24,2,6,Completed
1463,692,4,2018-03-23,2018-03-24,2018-03-24,2,7,Completed
1464,1279,4,2018-03-24,2018-03-25,2018-03-25,2,7,Completed
1465,623,4,2018-03-25,2018-03-28,2018-03-28,2,7,Completed
1466,738,4,2018-03-26,2018-03-29,2018-03-28,1,3,Completed
1467,152,4,2018-03-26,2018-03-27,2018-03-29,2,7,Completed
1468,3,4,2018-03-27,2018-03-30,2018-03-29,1,2,Completed
1469,1135,4,2018-03-27,2018-03-28,2018-03-30,3,8,Completed
1470,505,4,2018-03-28,2018-03-31,2018-03-31,2,7,Completed
1471,1310,4,2018-03-28,2018-03-30,2018-03-29,2,7,Completed
1472,114,4,2018-03-29,2018-03-30,2018-03-31,2,6,Completed
1473,302,4,2018-03-30,2018-04-01,2018-04-02,1,2,Completed
1474,816,4,2018-03-30,2018-04-01,2018-04-02,1,3,Completed
1475,112,4,2018-03-30,2018-04-01,2018-03-31,2,6,Completed
1476,35,4,2018-03-31,2018-04-01,2018-04-01,2,7,Completed
1477,180,4,2018-03-31,2018-04-03,2018-04-01,2,6,Completed
1478,392,4,2018-03-31,2018-04-02,2018-04-02,2,6,Completed
1479,23,2,2018-04-01,2018-04-01,,2,7,Processing
1480,27,2,2018-04-01,2018-04-01,,2,7,Processing
1481,62,1,2018-04-01,2018-04-01,,2,6,Pending
1482,94,1,2018-04-01,2018-04-01,,2,7,Pending
1483,15,1,2018-04-02,2018-04-02,,2,7,Pending
1484,35,2,2018-04-02,2018-04-02,,2,6,Processing
1485,51,2,2018-04-02,2018-04-02,,2,7,Processing
1486,84,2,2018-04-02,2018-04-02,,2,7,Processing
1487,33,1,2018-04-03,2018-04-03,,1,3,Pending
1488,181,2,2018-04-03,2018-04-03,,1,3,Processing
1489,194,1,2018-04-03,2018-04-03,,1,3,Pending
1490,217,2,2018-04-03,2018-04-03,,1,3,Processing
1491,82,1,2018-04-04,2018-04-04,,1,3,Pending
1492,41,1,2018-04-04,2018-04-04,,2,7,Pending
1493,64,2,2018-04-04,2018-04-04,,3,8,Processing
1494,69,2,2018-04-05,2018-04-05,,1,3,Processing
1495,86,2,2018-04-05,2018-04-05,,2,7,Processing
1496,3,1,2018-04-06,2018-04-06,,1,3,Pending
1497,31,2,2018-04-06,2018-04-06,,1,2,Processing
1498,81,1,2018-04-06,2018-04-06,,1,2,Pending
1499,120,2,2018-04-06,2018-04-06,,1,2,Processing
1500,151,2,2018-04-06,2018-04-06,,1,3,Processing
1501,52,1,2018-04-06,2018-04-06,,2,6,Pending
1502,83,2,2018-04-06,2018-04-06,,2,6,Processing
1503,208,2,2018-04-07,2018-04-07,,1,3,Processing
1504,237,2,2018-04-08,2018-04-08,,1,2,Processing
1505,22,1,2018-04-08,2018-04-08,,2,7,Pending
1506,75,1,2018-04-08,2018-04-08,,2,7,Pending
1507,85,2,2018-04-08,2018-04-08,,2,6,Processing
1508,92,2,2018-04-08,2018-04-08,,2,6,Processing
1509,2,1,2018-04-09,2018-04-09,,1,3,Pending
1510,16,2,2018-04-09,2018-04-09,,2,6,Processing
1511,25,1,2018-04-09,2018-04-09,,2,6,Pending
1512,68,1,2018-04-09,2018-04-09,,3,9,Pending
1513,32,2,2018-04-10,2018-04-10,,1,2,Processing
1514,87,2,2018-04-10,2018-04-10,,1,3,Processing
1515,61,1,2018-04-10,2018-04-10,,3,9,Pending
1516,47,2,2018-04-11,2018-04-11,,1,3,Processing
1517,97,1,2018-04-11,2018-04-11,,1,2,Pending
1518,175,1,2018-04-11,2018-04-11,,1,2,Pending
1519,26,2,2018-04-11,2018-04-11,,2,7,Processing
1520,66,2,2018-04-11,2018-04-11,,3,8,Processing
1521,53,1,2018-04-12,2018-04-12,,1,3,Pending
1522,78,1,2018-04-12,2018-04-12,,1,3,Pending
1523,8,1,2018-04-12,2018-04-12,,2,7,Pending
1524,37,1,2018-04-12,2018-04-12,,2,6,Pending
1525,38,2,2018-04-12,2018-04-12,,2,7,Processing
1526,59,2,2018-04-12,2018-04-12,,2,7,Processing
1527,13,2,2018-04-12,2018-04-12,,3,9,Processing
1528,20,1,2018-04-12,2018-04-12,,3,8,Pending
1529,50,1,2018-04-12,2018-04-12,,3,8,Pending
1530,110,1,2018-04-13,2018-04-13,,1,2,Pending
1531,233,1,2018-04-13,2018-04-13,,1,2,Pending
1532,7,2,2018-04-13,2018-04-13,,2,7,Processing
1533,28,2,2018-04-13,2018-04-13,,2,6,Processing
1534,18,2,2018-04-14,2018-04-14,,2,7,Processing
1535,19,2,2018-04-14,2018-04-14,,2,7,Processing
1536,34,2,2018-04-14,2018-04-14,,2,7,Processing
1537,36,1,2018-04-15,2018-04-15,,2,6,Pending
1538,79,2,2018-04-15,2018-04-15,,2,6,Processing
1539,116,1,2018-04-15,2018-04-15,,3,9,Pending
1540,187,1,2018-04-16,2018-04-16,,1,2,Pending
1541,10,2,2018-04-16,2018-04-16,,2,7,Processing
1542,58,2,2018-04-16,2018-04-16,,2,6,Processing
1543,76,1,2018-04-16,2018-04-16,,2,6,Pending
1544,5,1,2018-04-17,2018-04-17,,1,2,Pending
1545,67,1,2018-04-17,2018-04-17,,1,3,Pending
1546,91,2,2018-04-17,2018-04-17,,1,3,Processing
1547,169,1,2018-04-17,2018-04-17,,1,3,Pending
1548,170,1,2018-04-17,2018-04-17,,1,2,Pending
1549,17,1,2018-04-17,2018-04-17,,2,7,Pending
1550,39,1,2018-04-17,2018-04-17,,2,6,Pending
1551,70,1,2018-04-17,2018-04-17,,2,7,Pending
1552,73,1,2018-04-17,2018-04-17,,2,7,Pending
1553,30,2,2018-04-18,2018-04-18,,1,3,Processing
1554,172,1,2018-04-18,2018-04-18,,1,3,Pending
1555,1,1,2018-04-18,2018-04-18,,2,7,Pending
1556,4,2,2018-04-18,2018-04-18,,2,6,Processing
1557,121,2,2018-04-19,2018-04-19,,1,3,Processing
1558,63,1,2018-04-19,2018-04-19,,2,6,Pending
1559,42,2,2018-04-20,2018-04-20,,2,6,Processing
1560,57,1,2018-04-20,2018-04-20,,2,7,Pending
1561,65,2,2018-04-20,2018-04-20,,2,7,Processing
1562,88,1,2018-04-20,2018-04-20,,2,7,Pending
1563,77,2,2018-04-20,2018-04-20,,3,9,Processing
1564,46,1,2018-04-21,2018-04-21,,1,3,Pending
1565,60,2,2018-04-21,2018-04-21,,1,2,Processing
1566,72,1,2018-04-21,2018-04-21,,1,3,Pending
1567,89,2,2018-04-21,2018-04-21,,1,2,Processing
1568,192,2,2018-04-21,2018-04-21,,1,3,Processing
1569,29,2,2018-04-22,2018-04-22,,2,7,Processing
1570,54,2,2018-04-22,2018-04-22,,2,7,Processing
1571,80,1,2018-04-22,2018-04-22,,2,7,Pending
1572,14,1,2018-04-22,2018-04-22,,3,9,Pending
1573,24,2,2018-04-23,2018-04-23,,1,2,Processing
1574,124,1,2018-04-23,2018-04-23,,1,2,Pending
1575,224,2,2018-04-23,2018-04-23,,1,3,Processing
1576,12,2,2018-04-23,2018-04-23,,2,7,Processing
1577,48,1,2018-04-23,2018-04-23,,2,7,Pending
1578,93,2,2018-04-23,2018-04-23,,2,7,Processing
1579,104,2,2018-04-24,2018-04-24,,1,2,Processing
1580,191,2,2018-04-24,2018-04-24,,1,2,Processing
1581,188,2,2018-04-25,2018-04-25,,1,2,Processing
1582,240,1,2018-04-25,2018-04-25,,1,3,Pending
1583,44,1,2018-04-25,2018-04-25,,2,6,Pending
1584,109,2,2018-04-26,2018-04-26,,1,3,Processing
1585,157,1,2018-04-26,2018-04-26,,1,3,Pending
1586,176,1,2018-04-26,2018-04-26,,1,2,Pending
1587,231,2,2018-04-26,2018-04-26,,1,2,Processing
1588,11,1,2018-04-26,2018-04-26,,2,6,Pending
1589,40,2,2018-04-27,2018-04-27,,1,3,Processing
1590,138,1,2018-04-27,2018-04-27,,1,3,Pending
1591,165,2,2018-04-27,2018-04-27,,1,2,Processing
1592,6,2,2018-04-27,2018-04-27,,2,7,Processing
1593,9,1,2018-04-27,2018-04-27,,2,6,Pending
1594,45,1,2018-04-28,2018-04-28,,2,7,Pending
1595,71,2,2018-04-28,2018-04-28,,2,7,Processing
1596,21,2,2018-04-28,2018-04-28,,3,8,Processing
1597,56,1,2018-04-28,2018-04-28,,3,9,Pending
1598,239,2,2018-04-29,2018-04-29,,1,3,Processing
1599,49,1,2018-04-29,2018-04-29,,2,7,Pending
1600,90,1,2018-04-29,2018-04-29,,2,6,Pending
1601,43,1,2018-04-29,2018-04-29,,3,8,Pending
1602,55,1,2018-04-30,2018-04-30,,2,6,Pending
1603,74,2,2018-04-30,2018-04-30,,2,6,Processing
1604,7,3,2018-06-17,2018-06-17,,2,7,Rejected
1605,123,3,2018-07-01,2018-07-01,,3,8,Rejected
1606,119,3,2018-07-10,2018-07-10,,3,8,Rejected
1607,33,3,2018-07-11,2018-07-11,,1,2,Rejected
1608,53,3,2018-07-12,2018-07-12,,1,2,Rejected
1609,10,3,2018-08-23,2018-08-23,,2,7,Rejected
1610,15,3,2018-08-25,2018-08-25,,2,7,Rejected
1611,6,3,2018-09-06,2018-09-06,,2,7,Rejected
1612,3,3,2018-10-21,2018-10-21,,1,3,Rejected
1613,1,3,2018-11-18,2018-11-18,,2,6,Rejected
1614,135,3,2018-11-28,2018-11-28,,3,8,Rejected
1615,136,3,2018-12-28,2018-12-28,,3,8,Rejected
